Player,Year,Votes,Vote_Share
LeBron James,2023,7418116,0.09601709383013098
Giannis Antetokounmpo,2023,6761032,0.08751206424010059
Kevin Durant,2023,6525199,0.08445953725221832
Stephen Curry,2023,5826248,0.07541259814400487
Luka Doncic,2023,5566875,0.0720553789150251
Nikola Jokic,2023,5418036,0.07012886708525823
Jayson Tatum,2023,5221720,0.0675878321658318
Joel Embiid,2023,4900482,0.06342985739328798
Kyrie Irving,2023,4467232,0.05782204458719217
Donovan Mitchell,2023,4440133,0.057471286089252435
Zion Williamson,2023,4217393,0.05458822959893557
Jaylen Brown,2023,2416644,0.03128006271430954
Ja Morant,2023,2214793,0.028667384993078734
Shai Gilgeous-Alexander,2023,2107557,0.027279365572248984
Paul George,2023,1775937,0.02298701038988893
Lauri Markkanen,2023,1642052,0.021254057089152314
DeMar DeRozan,2023,1130944,0.01463848181460409
Pascal Siakam,2023,868243,0.011238186299372293
Domantas Sabonis,2023,859352,0.011123104790638312
Damian Lillard,2023,774826,0.01002903442653432
Tyrese Haliburton,2023,653123,0.008453760007745448
De'Aaron Fox,2023,477787,0.006184281724607271
Julius Randle,2023,451862,0.005848719007935524
Bam Adebayo,2023,381650,0.004939923271659473
Anthony Edwards,2023,274739,0.0035561105194090187
Jrue Holiday,2023,256596,0.0033212748639191254
Jaren Jackson Jr.,2023,209714,0.002714453213658574
LeBron James,2022,9128231,0.11240798168584382
Stephen Curry,2022,7659673,0.09432368465517058
Kevin Durant,2022,6789863,0.08361256367782417
Giannis Antetokounmpo,2022,6485720,0.07986724864648047
Nikola Jokic,2022,5311167,0.06540342404420507
DeMar DeRozan,2022,5243775,0.064573537212707
Joel Embiid,2022,4323865,0.05324546867099015
Ja Morant,2022,3571695,0.04398300460926328
Andrew Wiggins,2022,3452586,0.04251625795368246
Paul George,2022,2805203,0.0345441748186559
Trae Young,2022,2771070,0.03412385004391226
Luka Doncic,2022,2506117,0.030861133316913415
Zach LaVine,2022,2502255,0.03081357540286953
James Harden,2022,2458923,0.030279971174140986
Draymond Green,2022,2421934,0.02982447669393144
Jayson Tatum,2022,1996181,0.024581616886078957
Jimmy Butler,2022,1787818,0.022015767677397945
Karl-Anthony Towns,2022,1601695,0.019723789004277785
LaMelo Ball,2022,1237410,0.01523786598059142
Devin Booker,2022,1165233,0.014349055115250793
Kyrie Irving,2022,1133025,0.013952435411593243
Chris Paul,2022,949034,0.011686710874346093
Fred VanVleet,2022,818492,0.01007917456799786
Donovan Mitchell,2022,794563,0.009784505141494461
Rudy Gobert,2022,767505,0.009451304199443853
Jarrett Allen,2022,690279,0.008500318319083138
Darius Garland,2022,525728,0.00647398421399889
Dejounte Murray,2022,307213,0.0037831200018550296
LeBron James,2021,5922554,0.09404662577201492
Kevin Durant,2021,5567106,0.08840232349340148
Stephen Curry,2021,5481033,0.08703553558060666
Giannis Antetokounmpo,2021,4459276,0.07081064371656681
Nikola Jokic,2021,4208879,0.06683448867375331
Joel Embiid,2021,4171690,0.06624394953036425
Bradley Beal,2021,3485051,0.05534053166815978
Kawhi Leonard,2021,3388151,0.053801817451740945
Luka Doncic,2021,3335042,0.05295847820179473
Anthony Davis,2021,3075499,0.048837090132940304
Damian Lillard,2021,2848663,0.04523506972018919
Kyrie Irving,2021,2765320,0.04391163257943588
James Harden,2021,2347594,0.03727839279855069
Jayson Tatum,2021,2295299,0.03644797938319855
Zach LaVine,2021,1500979,0.02383465145352042
Jaylen Brown,2021,1401416,0.022253650385106506
Paul George,2021,1310058,0.020802939823872324
Zion Williamson,2021,1250684,0.019860116109882107
Donovan Mitchell,2021,741272,0.011770957323356283
Julius Randle,2021,652417,0.01035999290952867
Devin Booker,2021,615858,0.009779457790456882
Domantas Sabonis,2021,555788,0.00882558201150663
Chris Paul,2021,391667,0.0062194384004346384
Rudy Gobert,2021,388106,0.0061628918439365216
Ben Simmons,2021,366887,0.005825946777288521
Nikola Vucevic,2021,313265,0.004974461393255385
Mike Conley,2021,135103,0.0021453550751376065
LeBron James,2020,6275459,0.10560795449257794
Luka Doncic,2020,6111735,0.10285268882335075
Giannis Antetokounmpo,2020,5902286,0.0993279298438855
Anthony Davis,2020,5813769,0.09783830186482938
Kawhi Leonard,2020,3917190,0.06592130125601671
James Harden,2020,3751362,0.06313062795584931
Pascal Siakam,2020,3293494,0.05542529470331628
Joel Embiid,2020,3110185,0.05234043851509483
Trae Young,2020,2829969,0.04762476137082663
Jimmy Butler,2020,2784717,0.046863228046061356
Kemba Walker,2020,2309416,0.03886451968412691
Jayson Tatum,2020,2177910,0.036651441778032555
Damian Lillard,2020,1337540,0.02250908872992441
Nikola Jokic,2020,1232979,0.020749460736227302
Kyle Lowry,2020,1199518,0.020186354871735774
Russell Westbrook,2020,1094254,0.01841489628652205
Brandon Ingram,2020,1015453,0.01708877616973543
Donovan Mitchell,2020,928911,0.01563238491649058
Ben Simmons,2020,824128,0.01386902094652507
Devin Booker,2020,811479,0.0136561544428356
Bam Adebayo,2020,718240,0.01208706123882718
Rudy Gobert,2020,622699,0.010479228316936465
Domantas Sabonis,2020,564027,0.009491853543873883
Chris Paul,2020,446095,0.007507208709254025
Khris Middleton,2020,349404,0.005880022757144091
LeBron James,2019,4620809,0.08957794057559725
Giannis Antetokounmpo,2019,4375747,0.08482722500320786
Kyrie Irving,2019,3881766,0.07525102294346592
Stephen Curry,2019,3861038,0.07484919470251267
Kawhi Leonard,2019,3580531,0.0694113505118008
Kevin Durant,2019,3150648,0.06107773753873495
Paul George,2019,3122346,0.060529081475658
James Harden,2019,2905488,0.05632512216088371
Joel Embiid,2019,2783833,0.053966746309225634
Anthony Davis,2019,2520728,0.04886625328838393
Russell Westbrook,2019,2512374,0.048704304565645444
Dwyane Wade,2019,2208598,0.04281537289236212
Klay Thompson,2019,1578140,0.030593459097740902
Nikola Jokic,2019,1445989,0.028031610203963695
Kemba Walker,2019,1395330,0.02704954648057258
Ben Simmons,2019,1184221,0.022957035957637362
Damian Lillard,2019,1043785,0.020234575959252973
Victor Oladipo,2019,948260,0.018382750278190647
Kyle Lowry,2019,931460,0.01805706934187191
Blake Griffin,2019,843785,0.01635742195545852
Pascal Siakam,2019,506199,0.009813057397833745
Karl-Anthony Towns,2019,501401,0.009720044473282716
LaMarcus Aldridge,2019,463118,0.0089778990396464
Dirk Nowitzki,2019,394622,0.007650051336426876
Bradley Beal,2019,346027,0.0067079998423549185
Nikola Vucevic,2019,255487,0.004952812224837169
D'Angelo Russell,2019,222499,0.004313314443451312
LeBron James,2018,2638294,0.09102976452002745
Giannis Antetokounmpo,2018,2530211,0.08730054782218478
Stephen Curry,2018,2379494,0.08210031880329417
Kevin Durant,2018,2238406,0.0772323217504253
Kyrie Irving,2018,2170833,0.07490083243274054
James Harden,2018,1486830,0.05130049372106082
Joel Embiid,2018,1285587,0.04435695259133688
Russell Westbrook,2018,1241129,0.042823006309750604
Klay Thompson,2018,1239768,0.04277604736222172
Draymond Green,2018,1135478,0.039177701559292386
Kristaps Porzingis,2018,1116769,0.03853217992129253
Anthony Davis,2018,1088230,0.0375474911604353
DeMar DeRozan,2018,998999,0.03446873006789346
DeMarcus Cousins,2018,922269,0.03182129432660697
Paul George,2018,881287,0.030407281404029058
Kevin Love,2018,771929,0.02663407303969166
Victor Oladipo,2018,634495,0.021892150927506494
LaMarcus Aldridge,2018,578853,0.019972320098408842
Karl-Anthony Towns,2018,552376,0.01905877707583563
John Wall,2018,542836,0.018729615900651565
Goran Dragic,2018,482214,0.01663795879771569
Damian Lillard,2018,439462,0.01516287509106275
Al Horford,2018,384936,0.01328154990887342
Jimmy Butler,2018,329435,0.011366584040541064
Kyle Lowry,2018,322036,0.0111112943618003
Bradley Beal,2018,269238,0.009289590826436763
Andre Drummond,2018,220736,0.00761611332970957
Kemba Walker,2018,100632,0.003472132849174278
LeBron James,2017,1893751,0.08382352270718829
Stephen Curry,2017,1848121,0.0818037918444038
James Harden,2017,1771375,0.07840676653659623
Kevin Durant,2017,1768185,0.07826556685541537
Kyrie Irving,2017,1696769,0.07510446452588179
Giannis Antetokounmpo,2017,1604463,0.07101870346911682
Russell Westbrook,2017,1575865,0.06975286381945846
Kawhi Leonard,2017,1058399,0.04684815089722217
Klay Thompson,2017,1054304,0.04666689299927997
Anthony Davis,2017,974802,0.04314787824904782
Draymond Green,2017,914973,0.04049965388372821
Kevin Love,2017,909488,0.040256870105898436
DeMar DeRozan,2017,796112,0.03523848294177275
Isaiah Thomas,2017,755102,0.03342324816897432
Jimmy Butler,2017,691072,0.030589074004080802
DeMarcus Cousins,2017,654274,0.028960275926308638
Carmelo Anthony,2017,544133,0.024085080288396146
Kyle Lowry,2017,471697,0.020878829471463037
Paul George,2017,426325,0.018870518520197242
John Wall,2017,301437,0.01334257313357813
Marc Gasol,2017,273705,0.012115065434986421
DeAndre Jordan,2017,237708,0.010521722198789763
Kemba Walker,2017,170299,0.007537982603579594
Gordon Hayward,2017,160209,0.007091366684107852
Paul Millsap,2017,39551,0.0017506547305279332
Kobe Bryant,2016,1891614,0.11530349354321064
Stephen Curry,2016,1604325,0.09779176791814366
LeBron James,2016,1089206,0.06639264511059143
Kevin Durant,2016,980787,0.059783955670535814
Dwyane Wade,2016,941466,0.05738714074443958
Kawhi Leonard,2016,782339,0.04768754081704928
Russell Westbrook,2016,772009,0.0470578747814303
Draymond Green,2016,726616,0.04429094057476501
Paul George,2016,711595,0.043375334231973844
Kyle Lowry,2016,646441,0.0394038665761443
Chris Paul,2016,624334,0.038056332495851095
Carmelo Anthony,2016,567348,0.03458274598028639
Pau Gasol,2016,566988,0.034560802149422615
Jimmy Butler,2016,564637,0.03441749674286499
Klay Thompson,2016,555513,0.03386134254063967
Andre Drummond,2016,515296,0.03140991185772693
DeMar DeRozan,2016,444868,0.027116967079743027
James Harden,2016,430777,0.02625804896668329
Anthony Davis,2016,400688,0.024423971392071524
John Wall,2016,368686,0.022473286738453065
DeMarcus Cousins,2016,364270,0.02220410907985738
Chris Bosh,2016,351420,0.021420836228191947
LaMarcus Aldridge,2016,268003,0.016336145841625765
Isaiah Thomas,2016,153642,0.00936526128214634
Paul Millsap,2016,41654,0.002539023141110658
Al Horford,2016,41000,0.00249915851504146
Stephen Curry,2015,1513324,0.0844913559226647
LeBron James,2015,1470483,0.08209947277068741
Anthony Davis,2015,1369911,0.07648437339484045
Kobe Bryant,2015,1152402,0.06434048990698003
James Harden,2015,1069368,0.05970456577726125
Pau Gasol,2015,974177,0.05438989643901354
John Wall,2015,886368,0.04948737624359388
Kyle Lowry,2015,805290,0.04496065879544807
Marc Gasol,2015,795121,0.04439290688086958
Dwyane Wade,2015,789839,0.04409800417531313
Blake Griffin,2015,700615,0.03911648221382713
Carmelo Anthony,2015,647005,0.036123348165193754
Chris Paul,2015,551167,0.030772555757939034
Tim Duncan,2015,546817,0.03052968813787645
Kevin Durant,2015,545226,0.03044086000373402
Chris Bosh,2015,542006,0.030261082133250912
Kyrie Irving,2015,535873,0.029918666704781063
LaMarcus Aldridge,2015,498131,0.02781146906882656
DeMarcus Cousins,2015,465334,0.02598035887682826
Jimmy Butler,2015,455756,0.02544560345959621
Damian Lillard,2015,365417,0.020401829223082674
Klay Thompson,2015,314254,0.017545315189689104
Dirk Nowitzki,2015,292557,0.016333936166126366
Russell Westbrook,2015,248758,0.013888566306098513
Paul Millsap,2015,121938,0.0068079981276302284
Al Horford,2015,114955,0.006418125807883784
Jeff Teague,2015,83900,0.004684274327184111
Kyle Krover,2015,55000,0.0030707400237798108
LeBron James,2014,1416419,0.09145522395769304
Kevin Durant,2014,1396294,0.09015579463476771
Paul George,2014,1211318,0.07821227968135475
Stephen Curry,2014,1047281,0.06762075233503413
Kobe Bryant,2014,988884,0.06385017970542567
Carmelo Anthony,2014,935702,0.06041632876123611
Dwyane Wade,2014,929542,0.06001859039456679
Kyrie Irving,2014,860221,0.05554267784328695
Chris Paul,2014,804309,0.05193255648659622
Blake Griffin,2014,688466,0.044452815316129685
Kevin Love,2014,661246,0.0426952766244513
Dwight Howard,2014,653318,0.04218338218111456
LaMarcus Aldridge,2014,609172,0.039332966931928885
Roy Hibbert,2014,524809,0.033885823778142574
James Harden,2014,470381,0.03037152120978581
Chris Bosh,2014,406867,0.026270554550591803
John Wall,2014,393129,0.025383520511419223
Anthony Davis,2014,286247,0.01848237244220655
Damian Lillard,2014,280966,0.01814138927428761
Tony Parker,2014,258751,0.016707013005528046
Dirk Nowitzki,2014,201873,0.013034519041336897
Joakim Noah,2014,181145,0.011696155264661308
DeMar DeRozan,2014,131228,0.008473118568389821
Paul Millsap,2014,75000,0.004842593750032284
Joe Johnson,2014,75000,0.004842593750032284
Kobe Bryant,2013,1591437,0.103350802680798
LeBron James,2013,1583646,0.10284484102244389
Kevin Durant,2013,1504047,0.09767553771820449
Carmelo Anthony,2013,1460950,0.09487674044056525
Dwyane Wade,2013,1052310,0.06833891832917706
Chris Paul,2013,929155,0.060341009455527846
Rajon Rondo,2013,924180,0.060017923940149626
Dwight Howard,2013,922070,0.05988089671654198
Blake Griffin,2013,863832,0.05609881546134663
Kevin Garnett,2013,553222,0.03592723919368246
Chris Bosh,2013,528014,0.03429018599334996
Tim Duncan,2013,492373,0.03197559486699917
James Harden,2013,485986,0.03156081151288446
Tyson Chandler,2013,467968,0.030390689941812137
Kyrie Irving,2013,445730,0.02894651392352452
Russell Westbrook,2013,376411,0.02444481244804655
Joakim Noah,2013,230796,0.014988310473815462
Tony Parker,2013,176168,0.011440669160432253
LaMarcus Aldridge,2013,160197,0.010403483478802992
Zach Randolph,2013,146980,0.009545147547797174
Luol Deng,2013,130744,0.008490752285951787
Brook Lopez,2013,108978,0.0070772288029925185
Jrue Holiday,2013,103146,0.006698488154613466
Paul George,2013,80060,0.0051992414796342475
David Lee,2013,80000,0.005195344970906068
Dwight Howard,2012,1600390,0.09650748540710144
Kobe Bryant,2012,1555479,0.09379924074353922
Derrick Rose,2012,1514723,0.09134155288292285
LeBron James,2012,1360680,0.08205237801019426
Kevin Durant,2012,1345566,0.0811409663327638
Dwyane Wade,2012,1334223,0.08045695530609358
Chris Paul,2012,1138743,0.06866902658410694
Andrew Bynum,2012,1051945,0.06343489195544419
Carmelo Anthony,2012,1041290,0.06279236903477318
Blake Griffin,2012,876451,0.052852168591742923
Rajon Rondo,2012,547110,0.03299208964132447
Dirk Nowitzki,2012,468435,0.028247792054858854
Kevin Love,2012,373880,0.022545891091550863
Chris Bosh,2012,324605,0.019574486406795946
Marc Gasol,2012,285525,0.017217865502073017
LaMarcus Aldridge,2012,279500,0.016854543062181624
Steve Nash,2012,276268,0.01665964544795275
Luol Deng,2012,276205,0.016655846391734796
Russell Westbrook,2012,262186,0.015810465929521116
Paul Pierce,2012,215020,0.012966239174348098
Deron Williams,2012,208697,0.012584946595520997
Joe Johnson,2012,66145,0.003988707516450818
Tony Parker,2012,60000,0.0036181487790014222
Roy Hibbert,2012,60000,0.0036181487790014222
Andre Iguodala,2012,60000,0.0036181487790014222
Kobe Bryant,2011,2380016,0.08006171842375279
Dwight Howard,2011,2099204,0.07061544105670532
LeBron James,2011,2053011,0.06906154773869888
Dwyane Wade,2011,2048175,0.06889886880280212
Derrick Rose,2011,1914996,0.06441884026603725
Kevin Durant,2011,1736728,0.05842205603434907
Amar'e Stoudemire,2011,1674995,0.05634541030446594
Rajon Rondo,2011,1587297,0.053395324009951
Kevin Garnett,2011,1407601,0.04735050307014443
Carmelo Anthony,2011,1299849,0.04372581723458861
Chris Paul,2011,1281591,0.04311163360936051
Yao Ming,2011,1146426,0.03856479771802762
Pau Gasol,2011,1100772,0.03702903590259528
Blake Griffin,2011,1033646,0.0347709742295171
Ray Allen,2011,890951,0.029970835528568284
Tim Duncan,2011,839599,0.02824339782878116
Paul Pierce,2011,804838,0.02707406728893266
Dirk Nowitzki,2011,785120,0.026410770502743174
Manu Ginobili,2011,748840,0.02519034209200402
Russell Westbrook,2011,660244,0.02221004783958269
Deron Williams,2011,657806,0.02212803558860744
Chris Bosh,2011,571734,0.019232646554176894
Kevin Love,2011,492173,0.016556282034143336
Al Horford,2011,287083,0.009657228485122042
Joe Johnson,2011,224571,0.0075543778563423895
LeBron James,2010,2549693,0.08715132282583395
Kobe Bryant,2010,2456224,0.08395644917115949
Dwight Howard,2010,2360096,0.08067068795967176
Dwyane Wade,2010,2327550,0.07955822973325408
Carmelo Anthony,2010,2137560,0.07306416169303112
Kevin Garnett,2010,1978116,0.06761418967026514
Amar'e Stoudemire,2010,1824093,0.06234951341488717
Allen Iverson,2010,1269568,0.04339523645291741
Steve Nash,2010,1222235,0.04177734223454869
Chris Bosh,2010,1164007,0.03978704488286648
Tim Duncan,2010,1156696,0.03953714682801059
Dirk Nowitzki,2010,1093005,0.0373601181025522
Chris Paul,2010,1055789,0.03608803411821125
Pau Gasol,2010,1051785,0.0359511729758719
Kevin Durant,2010,870567,0.029756941584150633
Derrick Rose,2010,571911,0.019548549644465243
Paul Pierce,2010,525677,0.01796822045992043
Jason Kidd,2010,523708,0.01790091786519861
Joe Johnson,2010,496255,0.01696254400389938
Chauncey Billups,2010,452983,0.015483459250825388
Rajon Rondo,2010,425590,0.01454713625579498
Brandon Roy,2010,422290,0.014434338611009801
Al Horford,2010,270532,0.00924708255727984
Gerald Wallace,2010,210000,0.007178031940874892
David Lee,2010,210000,0.007178031940874892
Deron Williams,2010,210000,0.007178031940874892
Zach Randolph,2010,210000,0.007178031940874892
Chris Kaman,2010,210000,0.007178031940874892
Dwight Howard,2009,3150181,0.08705911822913467
LeBron James,2009,2940823,0.08127325294894436
Kobe Bryant,2009,2805397,0.07753058922730463
Dwyane Wade,2009,2741413,0.0757623128581776
Tim Duncan,2009,2578168,0.07125083692859924
Yao Ming,2009,2532958,0.07000140309126127
Chris Paul,2009,2134798,0.05899776281976186
Kevin Garnett,2009,2066833,0.05711946662965623
Shaquille O'Neal,2009,1850018,0.05112751800230757
Allen Iverson,2009,1804649,0.04987369000482501
Amar'e Stoudemire,2009,1460429,0.04036074783520595
Paul Pierce,2009,1238763,0.03423473586910643
Devin Harris,2009,1182406,0.03267724100578291
Dirk Nowitzki,2009,1107926,0.030618894794658548
Chris Bosh,2009,1101052,0.03042892336803034
Tony Parker,2009,1084361,0.029967647097758097
Pau Gasol,2009,948301,0.026207462007994665
Ray Allen,2009,851205,0.023524094879700745
Brandon Roy,2009,468688,0.012952768112237573
Joe Johnson,2009,420210,0.011613019084003326
Danny Granger,2009,365810,0.010109608317553738
Chauncey Billups,2009,270000,0.0074617813775990525
David West,2009,270000,0.0074617813775990525
Rashard Lewis,2009,270000,0.0074617813775990525
Mo Williams,2009,270000,0.0074617813775990525
Jameer Nelson,2009,270000,0.0074617813775990525
Kevin Garnett,2008,2399148,0.08769108093076787
LeBron James,2008,2108831,0.07707972575694044
Dwight Howard,2008,2066991,0.07555043501450048
Kobe Bryant,2008,2004940,0.07328241350735083
Carmelo Anthony,2008,1723701,0.06300286763944762
Tim Duncan,2008,1712800,0.06260442599548639
Yao Ming,2008,1709180,0.06247211164348753
Dwyane Wade,2008,1608260,0.05878339219494451
Dirk Nowitzki,2008,1259025,0.04601852956502059
Jason Kidd,2008,1246386,0.04555656241172951
Allen Iverson,2008,1203152,0.04397631967849221
Steve Nash,2008,1174125,0.0429153559504615
Ray Allen,2008,1061740,0.03880758013571212
Amar'e Stoudemire,2008,998969,0.03651324196186657
Chris Bosh,2008,838498,0.030647878321090234
Chauncey Billups,2008,625772,0.02287254604393246
Paul Pierce,2008,574159,0.02098604310202153
Chris Paul,2008,563525,0.020597360555293362
Carlos Boozer,2008,553624,0.02023546983729867
Caron Butler,2008,340619,0.01244993985179623
Richard Hamilton,2008,308357,0.01127073387826378
Rasheed Wallace,2008,303978,0.011110677373456309
Joe Johnson,2008,253308,0.009258641954731825
Antawn Jamison,2008,240000,0.008772222231969136
Brandon Roy,2008,240000,0.008772222231969136
David West,2008,240000,0.008772222231969136
LeBron James,2007,2516049,0.07362907943173387
Yao Ming,2007,2451718,0.07174651183908251
Kobe Bryant,2007,2138777,0.06258867836825335
Dwyane Wade,2007,2029591,0.05939348436891816
Tracy McGrady,2007,1942746,0.05685207225681346
Allen Iverson,2007,1813638,0.05307388543005759
Shaquille O'Neal,2007,1622446,0.04747888670200735
Kevin Garnett,2007,1616575,0.047307079107900996
Steve Nash,2007,1504826,0.04403688206586531
Dwight Howard,2007,1464613,0.04286009807986651
Gilbert Arenas,2007,1454166,0.04255437947390004
Vince Carter,2007,1451156,0.04246629552597632
Tim Duncan,2007,1436584,0.042039863868453264
Carmelo Anthony,2007,1309945,0.0383339292900109
Dirk Nowitzki,2007,1276304,0.03734946680094055
Amar'e Stoudemire,2007,1209333,0.03538964285529297
Chris Bosh,2007,1091263,0.031934469522617484
Jermaine O'Neal,2007,934749,0.027354279813204672
Jason Kidd,2007,838486,0.02453726151453998
Shawn Marion,2007,551173,0.01612939994317561
Tony Parker,2007,501429,0.014673702964598417
Chauncey Billups,2007,499670,0.014622227993037681
Ray Allen,2007,444443,0.013006077763142967
Josh Howard,2007,412102,0.012059658175169241
Caron Butler,2007,404489,0.011836873093593409
Carlos Boozer,2007,359882,0.01053150410188802
Mehmet Okur,2007,339247,0.009927646206404335
Richard Hamilton,2007,306547,0.008970720924973927
Joe Johnson,2007,250000,0.007315942518581104
Yao Ming,2006,2342738,0.07889078798721604
Kobe Bryant,2006,2271631,0.07649628750896924
LeBron James,2006,2207697,0.07434333500673694
Shaquille O'Neal,2006,2192542,0.07383299629538882
Allen Iverson,2006,2062206,0.06944398235396568
Tracy McGrady,2006,1818932,0.0612518253322236
Steve Nash,2006,1818230,0.061228185756151916
Tim Duncan,2006,1518796,0.051144862648675085
Dwyane Wade,2006,1499664,0.05050060001419721
Kevin Garnett,2006,1479386,0.04981774627690147
Vince Carter,2006,1294373,0.04358750569606024
Jermaine O'Neal,2006,1291836,0.043502073211026254
Ben Wallace,2006,1234687,0.041577602936210455
Rasheed Wallace,2006,866932,0.029193596813358206
Chauncey Billups,2006,717006,0.02414489726617395
Ray Allen,2006,693892,0.02336654233551738
Pau Gasol,2006,662916,0.02232343762270186
Tony Parker,2006,646739,0.02177868346014967
Dirk Nowitzki,2006,626083,0.021083100720353784
Richard Hamilton,2006,474895,0.015991903815616156
Gilbert Arenas,2006,453971,0.015287296280396892
Elton Brand,2006,442056,0.014886063304764243
Paul Pierce,2006,441218,0.014857843981761293
Chris Bosh,2006,352033,0.01185457390775393
Shawn Marion,2006,285505,0.009614269467729688
Yao Ming,2005,2558578,0.09001520941522295
Shaquille O'Neal,2005,2488089,0.08753528420033029
Kevin Garnett,2005,2087200,0.0734313142266733
Tracy McGrady,2005,1993687,0.0701413647789544
Kobe Bryant,2005,1815952,0.06388833936975653
Tim Duncan,2005,1812522,0.06376766602374394
Vince Carter,2005,1803529,0.06345127669409634
LeBron James,2005,1661204,0.05844403646924425
Allen Iverson,2005,1590400,0.055953029008289204
Grant Hill,2005,1497489,0.05268425896415618
Jermaine O'Neal,2005,1432438,0.0503956520162071
Dwyane Wade,2005,1195888,0.04207341294936177
Steve Nash,2005,1148275,0.0403983050707327
Ray Allen,2005,920130,0.03237176847421853
Dirk Nowitzki,2005,846912,0.029795832308518753
Ben Wallace,2005,798454,0.028090995865055677
Amar'e Stoudemire,2005,640370,0.022529326701482746
Manu Ginobili,2005,568361,0.019995925251622398
Antawn Jamison,2005,416683,0.014659630273051415
Zydrunas Ilgauskas,2005,306581,0.01078605104778063
Shawn Marion,2005,264203,0.009295119544188275
Paul Pierce,2005,225037,0.007917191768698678
Gilbert Arenas,2005,201859,0.007101749548908608
Rashard Lewis,2005,150000,0.005277260029705345
Vince Carter,2004,2127183,0.09123782217112238
Ben Wallace,2004,1982251,0.08502148815430055
Kevin Garnett,2004,1780918,0.07638603720758906
Kobe Bryant,2004,1759717,0.07547669698258258
Allen Iverson,2004,1731648,0.07427277873458923
Tim Duncan,2004,1681435,0.07211907368679665
Jermaine O'Neal,2004,1629054,0.06987238011922604
Yao Ming,2004,1484531,0.06367358867832175
Shaquille O'Neal,2004,1453286,0.06233344739581962
Tracy McGrady,2004,1231825,0.05283467867877038
Jason Kidd,2004,1126838,0.04833164098230533
Steve Francis,2004,976841,0.04189806210723824
Kenyon Martin,2004,659773,0.028298576872468388
Baron Davis,2004,644518,0.02764426881471291
Dirk Nowitzki,2004,572362,0.024549398135237047
Peja Stojakovic,2004,456369,0.019574297870194032
Metta World Peace,2004,405326,0.017384992973962444
Paul Pierce,2004,332353,0.01425508003403517
Ray Allen,2004,303337,0.013010543645714426
Brad Miller,2004,258693,0.01109570071353248
Jamaal Magloire,2004,236448,0.010141581883983439
Andrei Kirilenko,2004,160000,0.006862621385832616
Sam Cassell,2004,160000,0.006862621385832616
Michael Redd,2004,160000,0.006862621385832616
Kobe Bryant,2003,1474386,0.07208773117161961
Tracy McGrady,2003,1316297,0.06435822388303293
Vince Carter,2003,1300895,0.06360516787496903
Yao Ming,2003,1286324,0.06289274227481978
Tim Duncan,2003,1179955,0.057692001168356474
Allen Iverson,2003,1155897,0.05651572396786296
Ben Wallace,2003,1123090,0.054911678489577544
Kevin Garnett,2003,1086780,0.053136359462645985
Michael Jordan,2003,1082909,0.05294709314611467
Dirk Nowitzki,2003,1079425,0.05277674857189739
Shaquille O'Neal,2003,1049081,0.051293127515626084
Steve Francis,2003,966669,0.04726372537716606
Jason Kidd,2003,962325,0.04705133248669537
Jermaine O'Neal,2003,940958,0.04600662740136223
Chris Webber,2003,906836,0.0443382871139219
Steve Nash,2003,786923,0.038475333919858454
Antoine Walker,2003,528613,0.025845682092629312
Gary Payton,2003,511056,0.02498726082697695
Paul Pierce,2003,313652,0.015335509871526747
Peja Stojakovic,2003,308524,0.015084784562518072
Zydrunas Ilgauskas,2003,297895,0.014565096709660582
Brad Miller,2003,238755,0.011673541566374098
Jamal Mashburn,2003,235417,0.011510335427241695
Shawn Marion,2003,160000,0.007822942558773034
Stephon Marbury,2003,160000,0.007822942558773034
Vince Carter,2002,1470176,0.10513282836524579
Shaquille O'Neal,2002,1247438,0.08920475177821259
Kobe Bryant,2002,1121753,0.08021697104101792
Michael Jordan,2002,985448,0.07046975018424646
Allen Iverson,2002,920502,0.06582543775429982
Kevin Garnett,2002,880692,0.06297860996142302
Tim Duncan,2002,762289,0.05451156773183268
Dikembe Mutombo,2002,616566,0.04409086221911263
Chris Webber,2002,553401,0.0395739097564886
Antoine Walker,2002,547172,0.03912847166752026
Steve Francis,2002,456972,0.03267823637695289
Tracy McGrady,2002,453276,0.032413934052851597
Jason Kidd,2002,442630,0.03165263466367887
Jermaine O'Neal,2002,411422,0.02942093906558545
Dirk Nowitzki,2002,398184,0.028474284799770253
Gary Payton,2002,367120,0.026252886694823636
Ray Allen,2002,365421,0.026131390577765166
Shareef Abdur-Rahim,2002,335955,0.024024266042600443
Peja Stojakovic,2002,323664,0.023145332096299296
Alonzo Mourning,2002,279423,0.01998164185805106
Steve Nash,2002,278664,0.019927365487923114
Paul Pierce,2002,254840,0.01822370245507969
Karl Malone,2002,163009,0.011656833752550954
Elton Brand,2002,160678,0.011490143082237067
Baron Davis,2002,127291,0.009102626389929166
Wally Szczerbiak,2002,60000,0.004290622144501575
Vince Carter,2001,1717687,0.07934905839667401
Shaquille O'Neal,2001,1541298,0.07120071643359754
Allen Iverson,2001,1508142,0.06966906521879523
Kobe Bryant,2001,1433747,0.06623236621634569
Chris Webber,2001,1306243,0.06034228126966476
Tim Duncan,2001,1096522,0.05065415771979283
Jason Kidd,2001,1062837,0.04909806919371563
Kevin Garnett,2001,1003336,0.04634940292118722
Alonzo Mourning,2001,917866,0.04240109102200901
Grant Hill,2001,904885,0.04180142989221806
Tracy McGrady,2001,827122,0.0382091451348085
Latrell Sprewell,2001,817855,0.03778105333219139
Gary Payton,2001,732671,0.033845953287502055
David Robinson,2001,716228,0.033086364044982025
Vlade Divac,2001,715687,0.03306137239016214
Theo Ratliff,2001,637585,0.02945342742760666
Dikembe Mutombo,2001,627148,0.028971287129353204
Stephon Marbury,2001,512645,0.023681787218371535
Rasheed Wallace,2001,510543,0.023584684707407776
Karl Malone,2001,479624,0.02215637236845035
Allan Houston,2001,476380,0.022006514830121882
Jerry Stackhouse,2001,459575,0.02123020289066137
Ray Allen,2001,409654,0.018924087548215184
Anthony Mason,2001,322696,0.014907037049458439
Michael Finley,2001,279250,0.012900036244828782
Antonio Davis,2001,210000,0.009701012037292907
Antonio McDyess,2001,210000,0.009701012037292907
Glenn Robinson,2001,210000,0.009701012037292907
Vince Carter,2000,1911973,0.09707613420112093
Alonzo Mourning,2000,1878588,0.09538108581900234
Allen Iverson,2000,1843011,0.09357474356078359
Shaquille O'Neal,2000,1807609,0.09177728653446153
Kevin Garnett,2000,1550976,0.07874732243536793
Grant Hill,2000,1371304,0.06962488023342063
Tim Duncan,2000,1321436,0.06709294455214192
Jason Kidd,2000,1061031,0.053871465626109546
Kobe Bryant,2000,1022897,0.051935297436691834
Gary Payton,2000,898601,0.045624447243377116
Eddie Jones,2000,734940,0.03731492760084573
Chris Webber,2000,661865,0.033604708624559505
Allan Houston,2000,600876,0.03050812914943503
David Robinson,2000,595451,0.030232686960637863
Ray Allen,2000,443295,0.022507307849371255
Reggie Miller,2000,366137,0.01858978371974699
Karl Malone,2000,327599,0.01663310333783637
Dikembe Mutombo,2000,277768,0.014103046248444386
John Stockton,2000,259563,0.013178728267420906
Michael Finley,2000,197431,0.01002411553482267
Glenn Robinson,2000,184230,0.00935386441329062
Rasheed Wallace,2000,177022,0.008987894404654683
Jerry Stackhouse,2000,101000,0.005128048123228316
Dale Davis,2000,101000,0.005128048123228316
Michael Jordan,1998,1028235,0.10593718454057982
Grant Hill,1998,838692,0.08640891350392466
Karl Malone,1998,616251,0.06349122127754536
Shaquille O'Neal,1998,565184,0.05822988101687169
Gary Payton,1998,555715,0.05725430714473667
David Robinson,1998,548633,0.056524661547264904
Shawn Kemp,1998,518361,0.05340579236812547
Kevin Garnett,1998,513325,0.052886942434650766
Anfernee Hardaway,1998,509626,0.05250584118287894
Dikembe Mutombo,1998,476432,0.04908592365075836
Tim Duncan,1998,423970,0.04368085907372305
Kobe Bryant,1998,395686,0.040766809923921926
Vin Baker,1998,360079,0.03709828538436003
Tim Hardaway,1998,349621,0.03602081663847472
Jason Kidd,1998,305834,0.031509521555659635
Eddie Jones,1998,300658,0.030976247676456885
Glen Rice,1998,270277,0.02784614842528633
Nick Van Exel,1998,232274,0.02393076835740724
Reggie Miller,1998,221814,0.022853093555154386
Mitch Richmond,1998,197695,0.020368156790762742
Antoine Walker,1998,137994,0.014217271191403494
Rik Smits,1998,117744,0.012130950470024876
Steve Smith,1998,114982,0.01184638662644721
Jayson Williams,1998,107000,0.011024015663580836
Michael Jordan,1997,2451136,0.09736028452252395
Charles Barkley,1997,1877232,0.07456454543313251
Grant Hill,1997,1868020,0.07419864042377297
Shawn Kemp,1997,1713049,0.06804311879921193
Scottie Pippen,1997,1683956,0.06688753104006116
Hakeem Olajuwon,1997,1487310,0.05907665864855932
Patrick Ewing,1997,1395759,0.05544020950484735
Karl Malone,1997,1337319,0.05311894498607062
Shaquille O'Neal,1997,1305941,0.05187259594311758
Gary Payton,1997,1206539,0.04792430135558432
Anfernee Hardaway,1997,1132024,0.04496453021224675
John Stockton,1997,1127250,0.044774904667882615
Alonzo Mourning,1997,1041570,0.04137165442885473
Clyde Drexler,1997,926432,0.0367983184575523
Dikembe Mutombo,1997,541528,0.021509749013075306
Kevin Garnett,1997,481911,0.01914173349603369
Joe Dumars,1997,428535,0.017021613459171504
Chris Webber,1997,396365,0.015743805800563577
Eddie Jones,1997,372196,0.014783801656923697
Mitch Richmond,1997,347195,0.01379075007865647
Tim Hardaway,1997,309220,0.012282365066669028
Tom Gugliotta,1997,280504,0.011141751926333774
Vin Baker,1997,269994,0.01072428974131763
Detlef Schrempf,1997,259839,0.010320928324682148
Christian Laettner,1997,225893,0.008972577103696614
Glen Rice,1997,199216,0.007912954010482948
Latrell Sprewell,1997,170000,0.006752480632991834
Chris Gatling,1997,170000,0.006752480632991834
Terrell Brandon,1997,170000,0.006752480632991834
Grant Hill,1996,1358004,0.07408125063620769
Michael Jordan,1996,1341422,0.07317667649795066
Shaquille O'Neal,1996,1290591,0.07040376562943403
Scottie Pippen,1996,1289649,0.07035237805023742
Charles Barkley,1996,1268195,0.06918202866161323
Hakeem Olajuwon,1996,1240329,0.06766189460440238
Clyde Drexler,1996,1070040,0.05837236225428473
Anfernee Hardaway,1996,1050461,0.0573042970599213
Jason Kidd,1996,1049946,0.05727620300123101
David Robinson,1996,1037245,0.05658334350720119
Shawn Kemp,1996,1021384,0.055718101051110566
Karl Malone,1996,986028,0.0537893757325594
John Stockton,1996,823826,0.04494100193123469
Alonzo Mourning,1996,647899,0.03534390782792122
Reggie Miller,1996,471162,0.025702626952687095
Patrick Ewing,1996,437003,0.023839199863752
Dikembe Mutombo,1996,369053,0.02013242066374205
Mitch Richmond,1996,323619,0.017653924619985578
Glen Rice,1996,296143,0.016155065675180966
Vin Baker,1996,259279,0.014144076588659012
Terrell Brandon,1996,175000,0.009546524797670954
Juwan Howard,1996,175000,0.009546524797670954
Gary Payton,1996,175000,0.009546524797670954
Sean Elliott,1996,175000,0.009546524797670954
Grant Hill,1995,1289585,0.06923283532105357
Shaquille O'Neal,1995,1263451,0.06782980185037857
Scottie Pippen,1995,1134525,0.06090826311768382
Hakeem Olajuwon,1995,1125032,0.06039862063137794
David Robinson,1995,1046364,0.0561752397072538
Charles Barkley,1995,1046105,0.05616133499810461
Shawn Kemp,1995,1027451,0.05515987382254896
Anfernee Hardaway,1995,999327,0.05365000494180879
Reggie Miller,1995,908493,0.048773478490622885
Dan Majerle,1995,868115,0.046605739702878374
Latrell Sprewell,1995,861223,0.04623573485555718
Joe Dumars,1995,826935,0.04439494463429353
John Stockton,1995,798219,0.04285329356121237
Patrick Ewing,1995,728331,0.03910127690863205
Larry Johnson,1995,698931,0.03752290451872446
Alonzo Mourning,1995,664927,0.03569736116000278
Dikembe Mutombo,1995,594789,0.03193192297349467
Gary Payton,1995,567324,0.030457433256188146
Karl Malone,1995,526741,0.028278688810622853
Detlef Schrempf,1995,391451,0.0210154915102624
Cedric Ceballos,1995,259464,0.01392961951615585
Mitch Richmond,1995,250000,0.013421533927785598
Vin Baker,1995,250000,0.013421533927785598
Tyrone Hill,1995,250000,0.013421533927785598
Dana Barros,1995,250000,0.013421533927785598
Charles Barkley,1994,794936,0.07821291051801384
Shaquille O'Neal,1994,603346,0.0593625734768605
B.J. Armstrong,1994,529065,0.05205414461442555
Scottie Pippen,1994,496506,0.04885069911245305
Kenny Anderson,1994,493690,0.04857363585702277
Clyde Drexler,1994,493204,0.04852581883211541
Derrick Coleman,1994,482261,0.04744914866017877
Hakeem Olajuwon,1994,478018,0.04703168438717071
Mitch Richmond,1994,469978,0.046240637308456414
Shawn Kemp,1994,461880,0.045443883671214075
Kevin Johnson,1994,431885,0.042492707411756925
Patrick Ewing,1994,427216,0.04203332945024983
Mark Price,1994,423179,0.041636133298910326
Mookie Blaylock,1994,390433,0.038414289065131904
Alonzo Mourning,1994,379998,0.03738760047478567
John Stockton,1994,367605,0.036168266339648064
Dominique Wilkins,1994,358501,0.0352725334286263
David Robinson,1994,350873,0.0345220225932491
Karl Malone,1994,322450,0.03172551374768983
Gary Payton,1994,316720,0.03116174512069568
Charles Oakley,1994,182000,0.017906787105224215
Horace Grant,1994,182000,0.017906787105224215
John Starks,1994,182000,0.017906787105224215
Clifford Robinson,1994,182000,0.017906787105224215
Danny Manning,1994,182000,0.017906787105224215
Latrell Sprewell,1994,182000,0.017906787105224215
Michael Jordan,1993,1035824,0.0849744906058111
Scottie Pippen,1993,932912,0.07653203824206471
Charles Barkley,1993,858947,0.07046427171255891
Shaquille O'Neal,1993,826767,0.06782436463597544
Clyde Drexler,1993,823482,0.06755487754005944
Larry Johnson,1993,658236,0.05399881524120572
David Robinson,1993,603696,0.04952459112818947
Patrick Ewing,1993,576368,0.04728272100423443
Karl Malone,1993,563627,0.04623750484317943
Chris Mullin,1993,515779,0.04231226327076283
John Stockton,1993,507951,0.04167008823672009
Shawn Kemp,1993,489281,0.04013848273268611
Tim Hardaway,1993,481090,0.03946652875927731
Hakeem Olajuwon,1993,422755,0.03468097937107044
Isiah Thomas,1993,397747,0.03262943194499215
Mitch Richmond,1993,391943,0.03215329705771774
Dominique Wilkins,1993,380958,0.03125213549040048
Brad Daugherty,1993,329639,0.02704214819197949
Terry Porter,1993,328206,0.026924591111782345
Mark Price,1993,327964,0.026904738485538305
Joe Dumars,1993,181253,0.014869206878557629
Sean Elliott,1993,111398,0.009138606852617958
Dan Majerle,1993,111000,0.00910595666565462
Danny Manning,1993,111000,0.00910595666565462
Detlef Schrempf,1993,111000,0.00910595666565462
Larry Nance,1993,111000,0.00910595666565462
Michael Jordan,1992,1049573,0.08723466237463746
Charles Barkley,1992,991408,0.08240031151288627
Larry Bird,1992,852476,0.07085305742666918
Karl Malone,1992,764633,0.06355203649055965
Clyde Drexler,1992,759550,0.06312956583930407
Chris Mullin,1992,751397,0.06245193388579495
Magic Johnson,1992,658211,0.05470683254644746
Isiah Thomas,1992,549546,0.04567520293427186
Scottie Pippen,1992,542191,0.04506389629646253
Patrick Ewing,1992,514874,0.042793459392990375
David Robinson,1992,512348,0.04258351234103846
Dikembe Mutombo,1992,505035,0.04197569650931858
Michael Adams,1992,489291,0.040667142912354584
Tim Hardaway,1992,446765,0.03713261863234373
Hakeem Olajuwon,1992,357588,0.029720723045678445
Dan Majerle,1992,320220,0.026614902999225788
John Stockton,1992,309590,0.02573139660086913
Brad Daugherty,1992,271424,0.022559251238716698
Jeff Hornacek,1992,271180,0.02253897131762554
Dennis Rodman,1992,197945,0.01645208598520314
Reggie Lewis,1992,152158,0.012646525546674779
Joe Dumars,1992,144202,0.011985267136013857
James Worthy,1992,124000,0.010306189406982693
Otis Thorpe,1992,124000,0.010306189406982693
Kevin Willis,1992,124000,0.010306189406982693
Mark Price,1992,124000,0.010306189406982693
Dominique Wilkins,1992,124000,0.010306189406982693
Michael Jordan,1991,1217429,0.11361011958920664
Charles Barkley,1991,808454,0.07544469174167238
Patrick Ewing,1991,764573,0.07134972960614416
Larry Bird,1991,717049,0.06691480377198263
David Robinson,1991,695519,0.06490563044462175
Magic Johnson,1991,665354,0.06209064143301744
Karl Malone,1991,609201,0.0568504598328644
Isiah Thomas,1991,493414,0.04604525072672723
Joe Dumars,1991,391638,0.03654754405856745
Robert Parish,1991,388962,0.03629782051820434
Chris Mullin,1991,387990,0.03620711376139084
Kevin Johnson,1991,381463,0.03559801602299398
James Worthy,1991,355831,0.03320604525072673
Clyde Drexler,1991,349995,0.03266143143101107
John Stockton,1991,344118,0.032112991503240526
Tom Chambers,1991,332324,0.0310123788593532
Bernard King,1991,319390,0.029805381747598184
Dominique Wilkins,1991,257770,0.0240550213002235
Terry Porter,1991,196653,0.01835160066630272
Tim Hardaway,1991,180335,0.01682880966045624
Kevin McHale,1991,168688,0.015741915013741326
Alvin Robertson,1991,162421,0.015157080399594992
Kevin Duckworth,1991,152279,0.014210631914407162
Ricky Pierce,1991,125000,0.011664963581983698
Hersey Hawkins,1991,125000,0.011664963581983698
Brad Daugherty,1991,125000,0.011664963581983698
Michael Jordan,1990,321114,0.09246826815146972
Larry Bird,1990,248837,0.07165532004835438
Patrick Ewing,1990,245746,0.0707652329862637
Magic Johnson,1990,214348,0.06172383745875681
Hakeem Olajuwon,1990,202244,0.058238359037680834
Charles Barkley,1990,182639,0.052592886099379905
Isiah Thomas,1990,181960,0.05239736066581162
James Worthy,1990,163053,0.0469528844176884
A.C. Green,1990,160788,0.04630065303767047
Karl Malone,1990,159562,0.04594761300592566
John Stockton,1990,149548,0.043063972811886106
Clyde Drexler,1990,145782,0.041979512159723835
Dominique Wilkins,1990,132994,0.03829706850070867
Joe Dumars,1990,128964,0.03713658617776285
David Robinson,1990,119301,0.034354020250560516
Scottie Pippen,1990,106717,0.030730320609878094
Kevin McHale,1990,94718,0.027275078080591035
Dennis Rodman,1990,87078,0.025075057001855045
Kevin Johnson,1990,78812,0.02269477241588231
Chris Mullin,1990,72817,0.02096844697517259
Tom Chambers,1990,64028,0.018437558852003662
Reggie Miller,1990,57616,0.016591153726760836
Robert Parish,1990,56028,0.016133871858562833
Fat Lever,1990,49000,0.014110082834825066
Rolando Blackman,1990,49000,0.014110082834825066
Michael Jordan,1989,1003062,0.09132532257333206
Magic Johnson,1989,856751,0.0780042125412236
Karl Malone,1989,760168,0.06921066475444658
Dominique Wilkins,1989,715991,0.06518850184196251
Hakeem Olajuwon,1989,670472,0.06104415447538347
Alex English,1989,525186,0.047816367144800594
Charles Barkley,1989,486526,0.04429650798286941
Moses Malone,1989,443027,0.04033607462319935
Isiah Thomas,1989,402360,0.03663348505935415
Mark Price,1989,388715,0.03539115504733783
Patrick Ewing,1989,382833,0.034855619310388025
Larry Nance,1989,380819,0.034672251582707495
Dale Ellis,1989,379616,0.034562722597404776
John Stockton,1989,353126,0.03215089980383113
James Worthy,1989,342074,0.031144653465040043
Mark Eaton,1989,336592,0.03064553634331974
Kevin Duckworth,1989,333385,0.030353550095717226
Mark Jackson,1989,331150,0.030150061083122393
Kevin McHale,1989,320698,0.029198442667175556
Clyde Drexler,1989,315395,0.02871562287577046
Kareem Abdul-Jabbar,1989,310119,0.028235261340893353
Brad Daugherty,1989,301438,0.027444886343875128
Chris Mullin,1989,273891,0.024936827359557528
Tom Chambers,1989,185000,0.016843609543643796
Terry Cummings,1989,185000,0.016843609543643796
Michael Jordan,1988,1121285,0.0866503842443028
Magic Johnson,1988,1022122,0.07898729051450368
Hakeem Olajuwon,1988,831339,0.06424400913886696
Larry Bird,1988,747005,0.057726867194705545
Dominique Wilkins,1988,694354,0.05365811626978745
Charles Barkley,1988,687785,0.05315047871635471
Isiah Thomas,1988,666895,0.05153614647534241
Moses Malone,1988,601520,0.04648411343292117
Alex English,1988,521080,0.040267891055370666
Kareem Abdul-Jabbar,1988,507612,0.03922711429031783
Karl Malone,1988,499963,0.03863601676463554
Xavier McDaniel,1988,474087,0.036636377651737766
Fat Lever,1988,468339,0.03619218513276511
Doc Rivers,1988,455391,0.03519159279879539
Alvin Robertson,1988,440925,0.0340736928371638
Clyde Drexler,1988,430880,0.03329743781749082
James Worthy,1988,409712,0.03166162236139945
Steve Johnson,1988,391672,0.030267531713823483
Kevin McHale,1988,350912,0.02711769053892345
Mark Aguirre,1988,347357,0.026842968130268652
James Donaldson,1988,310100,0.023963830920915107
Patrick Ewing,1988,240000,0.01854666049990205
Danny Ainge,1988,240000,0.01854666049990205
Brad Daugherty,1988,240000,0.01854666049990205
Maurice Cheeks,1988,240000,0.01854666049990205
Michael Jordan,1987,1141733,0.0872328547163784
Dominique Wilkins,1987,1029131,0.07862962269385332
Magic Johnson,1987,949304,0.07253052851557841
Larry Bird,1987,902701,0.06896987753295167
Julius Erving,1987,819468,0.06261055166901647
Hakeem Olajuwon,1987,792148,0.06052319710288633
Isiah Thomas,1987,713173,0.05448919904797683
Ralph Sampson,1987,611480,0.04671945717779119
James Worthy,1987,588778,0.04498493582492566
Kareem Abdul-Jabbar,1987,572779,0.04376254981820838
Moses Malone,1987,565491,0.0432057181901719
Robert Parish,1987,510471,0.03900197557565946
Charles Barkley,1987,479176,0.03661091550439143
Alvin Robertson,1987,457251,0.03493575998234153
Kevin McHale,1987,455859,0.03482940575261777
Bill Laimbeer,1987,432104,0.03301443109235344
Alex English,1987,343348,0.026233126485053066
Mark Aguirre,1987,339337,0.025926670439491283
Rolando Blackman,1987,307838,0.023520023972487872
Jeff Malone,1987,206255,0.015758686531375223
Maurice Cheeks,1987,174512,0.01333339751260989
Tom Chambers,1987,174000,0.013294278715470117
Walter Davis,1987,174000,0.013294278715470117
Joe Barry Carroll,1987,174000,0.013294278715470117
Sleepy Floyd,1987,174000,0.013294278715470117
Magic Johnson,1986,1060892,0.09800236800041977
Michael Jordan,1986,719143,0.0664325086162643
Larry Bird,1986,702440,0.0648895301107133
Kareem Abdul-Jabbar,1986,666826,0.06159960395992043
Isiah Thomas,1986,666013,0.06152450119245274
Moses Malone,1986,615089,0.05682027815367652
Julius Erving,1986,596875,0.05513771750588236
Ralph Sampson,1986,516087,0.04767473795092492
Sidney Moncrief,1986,503105,0.04647549548196347
James Worthy,1986,461528,0.04263472332574638
Alex English,1986,410112,0.037885050641712964
Dominique Wilkins,1986,383855,0.035459499146756814
Kevin McHale,1986,379696,0.035075301840609016
Alvin Robertson,1986,378557,0.034970084064292035
Marques Johnson,1986,363201,0.03355153781923179
Patrick Ewing,1986,344843,0.031855674836240404
Adrian Dantley,1986,323456,0.02988000092746837
Artis Gilmore,1986,306899,0.02835050951177012
Clyde Drexler,1986,257628,0.02379898619577878
Rolando Blackman,1986,255204,0.023575063553292065
Robert Parish,1986,251576,0.023239918608184057
Maurice Cheeks,1986,247997,0.02290930015213622
Jeff Malone,1986,207145,0.019135501558544085
Buck Williams,1986,207000,0.019122106846019095
Magic Johnson,1985,957447,0.09078640933292333
Moses Malone,1985,662445,0.06281392383134356
Isiah Thomas,1985,660017,0.06258369761322356
Ralph Sampson,1985,620824,0.05886736476034996
Michael Jordan,1985,606193,0.057480033707090615
Julius Erving,1985,590003,0.05594487618181765
Larry Bird,1985,564521,0.0535286387476604
Kareem Abdul-Jabbar,1985,554402,0.052569141589029325
George Gervin,1985,452132,0.0428717629534724
Hakeem Olajuwon,1985,449048,0.04257933393506957
Sidney Moncrief,1985,403033,0.038216129887791266
Norm Nixon,1985,386421,0.036640957756238796
Bernard King,1985,381660,0.03618951334747878
Adrian Dantley,1985,363327,0.034451153686525765
Alex English,1985,351433,0.033323348646031835
Larry Nance,1985,287665,0.027276781316099365
Dennis Johnson,1985,282948,0.02682950904638271
Robert Parish,1985,269810,0.02558374625657195
Bill Laimbeer,1985,268820,0.025489873128096332
Rolando Blackman,1985,239000,0.022662300712800475
Jack Sikma,1985,239000,0.022662300712800475
Calvin Natt,1985,239000,0.022662300712800475
Terry Cummings,1985,239000,0.022662300712800475
Michael Ray Richardson,1985,239000,0.022662300712800475
Jeff Ruland,1985,239000,0.022662300712800475
Moses Malone,1984,927779,0.09500531869793687
Magic Johnson,1984,788954,0.08078952660925941
Julius Erving,1984,779932,0.07986566652480742
George Gervin,1984,648607,0.0664178804917041
Larry Bird,1984,598705,0.06130787540033596
Sidney Moncrief,1984,574926,0.05887288660093627
Isiah Thomas,1984,527370,0.054003113803751716
Alex English,1984,510853,0.05231175966776263
Kareem Abdul-Jabbar,1984,459088,0.04701098187218987
Ralph Sampson,1984,457271,0.0468249196051261
Adrian Dantley,1984,422060,0.043219284775416596
Rickey Green,1984,418050,0.04280865753770295
Kiki Vandeweghe,1984,398372,0.040793614449491214
Kelly Tripucka,1984,390881,0.04002653000118375
Jack Sikma,1984,228578,0.023406571756136984
Bill Laimbeer,1984,200733,0.0205552212738087
Robert Parish,1984,200426,0.020523784225933865
Kevin McHale,1984,154963,0.015868336318658204
Bernand King,1984,154000,0.015769724341122483
Andrew Toney,1984,154000,0.015769724341122483
Jeff Ruland,1984,154000,0.015769724341122483
Otis Birdsong,1984,154000,0.015769724341122483
Walter Davis,1984,154000,0.015769724341122483
Jim Paxson,1984,154000,0.015769724341122483
Mark Aguirre,1984,154000,0.015769724341122483
Julius Erving,1983,707012,0.08109028452801839
Moses Malone,1983,687741,0.07888000963432573
Magic Johnson,1983,578795,0.06638451855611278
Kareem Abdul-Jabbar,1983,545568,0.06257356925961927
Isiah Thomas,1983,484039,0.05551654035950945
Maurice Lucas,1983,431288,0.0494662984977907
Larry Bird,1983,419327,0.04809443933098784
Jack Sikma,1983,416514,0.047771804113513
Maurice Cheeks,1983,407325,0.04671787769567574
Alex English,1983,404577,0.046402697611203345
David Thompson,1983,387844,0.04448351698766749
Reggie Theus,1983,385788,0.044247705396082616
George Gervin,1983,380778,0.043673086683125306
Sidney Moncrief,1983,353681,0.040565213775938844
Gus Williams,1983,330520,0.037908777845638605
Andrew Toney,1983,294567,0.03378517174045815
Marques Johnson,1983,290236,0.033288430493787866
Jamaal Wilkes,1983,283598,0.03252708937270791
Artis Gilmore,1983,190342,0.021831152706930118
Robert Parish,1983,166460,0.019092022147479733
Bill Laimbeer,1983,143825,0.016495915447322318
Buck Williams,1983,143000,0.01640129260536827
Kiki Vandeweghe,1983,143000,0.01640129260536827
Jim Paxson,1983,143000,0.01640129260536827
Julius Erving,1982,432230,0.08035941703493961
Larry Bird,1982,380485,0.07073908056020868
Isiah Thomas,1982,367969,0.06841212855870646
George Gervin,1982,343977,0.06395157946793933
Kareem Abdul-Jabbar,1982,283821,0.052767485140489075
Artis Gilmore,1982,270313,0.050256102299622026
Tiny Archibald,1982,253282,0.047089729693551054
Gus Williams,1982,245373,0.0456193027696232
Adrian Dantley,1982,237272,0.04411317955420538
Lonnie Shelton,1982,234330,0.04356620825439557
Dennis Johnson,1982,220914,0.04107192988653413
Moses Malone,1982,216802,0.040307434310457343
Jack Sikma,1982,215447,0.04005551516999429
Sidney Moncrief,1982,215065,0.039984494423384045
Magic Johnson,1982,212518,0.039510960806587454
Dan Roundfield,1982,194187,0.03610289456021983
Bernard King,1982,188213,0.0349922193239643
Bob Lanier,1982,152512,0.028354754206863727
Buck Williams,1982,102000,0.01896365485404493
Robert Parish,1982,102000,0.01896365485404493
Michael Ray Richardson,1982,102000,0.01896365485404493
Kelly Tripucka,1982,102000,0.01896365485404493
Bobby Jones,1982,102000,0.01896365485404493
Norm Nixon,1982,102000,0.01896365485404493
Alex English,1982,102000,0.01896365485404493
Julius Erving,1981,304600,0.07087248072296445
Kareem Abdul-Jabbar,1981,265200,0.06170512766818836
Eddie Johnson,1981,258862,0.06023044026562056
Adrian Dantley,1981,256837,0.05975927554643474
Dan Roundfield,1981,253710,0.05903170415043766
Paul Westphal,1981,250840,0.05836392995583849
Artis Gilmore,1981,240191,0.05588618521775954
Reggie Theus,1981,237209,0.05519235154239552
Jack Sikma,1981,224047,0.05212989720465534
Marques Johnson,1981,216801,0.05044394186874398
George Gervin,1981,209549,0.048756590489220215
Walter Davis,1981,172479,0.04013136770392707
Tiny Archibald,1981,164234,0.038212971106550704
Moses Malone,1981,136014,0.03164691264955117
Dennis Johnson,1981,123287,0.02868567147371017
Truck Robinson,1981,123000,0.028618894054250256
Robert Parish,1981,123000,0.028618894054250256
Otis Birdsong,1981,123000,0.028618894054250256
Mike Mitchell,1981,123000,0.028618894054250256
Michael Ray Richardson,1981,123000,0.028618894054250256
Larry Bird,1981,123000,0.028618894054250256
Jamaal Wilkes,1981,123000,0.028618894054250256
Bobby Jones,1981,123000,0.028618894054250256
George Gervin,1980,286463,0.09137193948195466
Kareem Abdul-Jabbar,1980,201621,0.06431023137470172
Magic Johnson,1980,185754,0.05924919883730536
Moses Malone,1980,184410,0.05882050861670533
Julius Erving,1980,180160,0.057464903380432905
Marques Johnson,1980,158253,0.05047731657783997
World B. Free,1980,155836,0.04970637590582339
Eddie Johnson,1980,149678,0.04774218365994914
Adrian Dantley,1980,145724,0.04648099234130886
Jack Sikma,1980,134474,0.04289262553941127
John Drew,1980,133317,0.042523581949207225
Dennis Johnson,1980,129664,0.041358399377888835
Paul Westphal,1980,127409,0.04063913118781958
Dan Roundfield,1980,126006,0.04019162197688071
Dave Cowens,1980,117331,0.037424592465195236
Larry Bird,1980,114485,0.03651681540579963
Walter Davis,1980,100546,0.032070749196764024
Michael Ray Richardson,1980,72000,0.022965547532144588
Bill Cartwright,1980,72000,0.022965547532144588
Tiny Archibald,1980,72000,0.022965547532144588
Elvin Hayes,1980,72000,0.022965547532144588
Otis Birdsong,1980,72000,0.022965547532144588
Kermit Washington,1980,72000,0.022965547532144588
Scott Wedman,1980,72000,0.022965547532144588
George Gervin,1979,427540,0.08531990374021432
Julius Erving,1979,343161,0.06848122628852432
David Thompson,1979,321681,0.06419467641637247
Kareem Abdul-Jabbar,1979,298480,0.05956468369831869
Marques Johnson,1979,282063,0.05628850635888121
George McGinnis,1979,264076,0.052699019741078816
Pete Maravich,1979,252793,0.05044738369789961
Paul Westphal,1979,251829,0.05025500780978255
Calvin Murphy,1979,235528,0.0470019794361351
Doug Collins,1979,231492,0.04619655507468236
Rudy Tomjanovich,1979,218808,0.04366533540157369
Maurice Lucas,1979,212689,0.042444227456150174
Larry Kenon,1979,207437,0.041396138074002053
Moses Malone,1979,202490,0.040408914507077696
Elvin Hayes,1979,201997,0.040310531402470116
Artis Gilmore,1979,193166,0.03854821660167994
Otis Birdsong,1979,144173,0.02877117107624531
Campy Russell,1979,132961,0.026533703796609992
Bob Dandridge,1979,131230,0.02618826535020893
Bob Lanier,1979,130633,0.026069128000410294
Dennis Johnson,1979,121551,0.024256723627091713
Walter Davis,1979,118546,0.023657045677100266
Jack Sikma,1979,86699,0.01730165676749039
Julius Erving,1978,396503,0.08936545597111117
David Thompson,1978,321454,0.07245060764669516
Pete Maravich,1978,309987,0.06986612862983846
Maurice Lucas,1978,307461,0.06929680849409414
Bill Walton,1978,286995,0.06468409832064083
Paul Westphal,1978,264006,0.05950274416362342
Larry Kenon,1978,229322,0.05168552342405267
Rick Barry,1978,228413,0.05148064931344635
Dave Cowens,1978,222109,0.05005982819874637
Doug Collins,1978,216085,0.04870211462086682
Bobby Jones,1978,214430,0.04832910400144606
Walt Frazier,1978,201121,0.04532946754593496
George Gervin,1978,201108,0.045326537553154016
Artis Gilmore,1978,180882,0.04076791955411821
Lionel Hollins,1978,179713,0.04050444558789291
Moses Malone,1978,141734,0.03194458437038174
John Havlicek,1978,100650,0.02268490564634401
Billy Knight,1978,78091,0.017600466635157973
Truck Robinson,1978,77349,0.017433231662583835
Elvin Hayes,1978,76936,0.0173401480457737
Brian Winters,1978,64522,0.014542230324027901
Bob Lanier,1978,46000,0.010367666763356428
Randy Smith,1978,46000,0.010367666763356428
Walter Davis,1978,46000,0.010367666763356428
David Thompson,1977,319047,0.08447411752775652
Julius Erving,1977,310517,0.08221562826908377
Bob McAdoo,1977,277943,0.07359100586439374
George McGinnis,1977,244829,0.0648234075863528
Pete Maravich,1977,235541,0.0623642225647171
John Havlicek,1977,187610,0.049673525184008624
Dan Issel,1977,182585,0.04834305525143764
Rick Barry,1977,179453,0.04751379518600234
Bobby Jones,1977,164892,0.043658477238108576
Paul Westphal,1977,163173,0.04320333737460817
Kareem Abdul-Jabbar,1977,146426,0.038769231909779045
Bill Walton,1977,134621,0.035643620456246604
Norm Van Lier,1977,134411,0.03558801872772125
George Gervin,1977,128130,0.03392499750454147
Doug Collins,1977,125173,0.03314207221287731
Billy Knight,1977,103903,0.02751041142366637
Maurice Lucas,1977,102624,0.027171770419933378
Don Buse,1977,94376,0.024987946339566112
Dave Cowens,1977,84776,0.022446153035549893
Jo Jo White,1977,76552,0.020268683438442663
Bob Lanier,1977,70700,0.01871924860353611
Phil Smith,1977,66616,0.017637927368785878
Elvin Hayes,1977,65963,0.017465032470085608
Earl Monroe,1977,59000,0.015621438014266345
Phil Chenier,1977,59000,0.015621438014266345
Rudy Tomjanovich,1977,59000,0.015621438014266345
Rick Barry,1976,135471,0.07646984777831528
John Havlicek,1976,135273,0.07635808194016463
Bob McAdoo,1976,131729,0.07435758633205404
Elvin Hayes,1976,124035,0.07001452391422028
Walt Frazier,1976,118303,0.06677895934715203
Bob Dandridge,1976,112093,0.06327357624151807
Brian Winters,1976,108863,0.06145032544744437
Kareem Abdul-Jabbar,1976,101932,0.05753795663824164
Tiny Archibald,1976,98772,0.0557542190192717
Dave Bing,1976,75836,0.042807444959558266
Dave Cowens,1976,75311,0.042511096146280035
John Drew,1976,73609,0.0415503615173285
Alvan Adams,1976,63224,0.035688299753720024
Jo Jo White,1976,61208,0.03455032031073161
George McGinnis,1976,59750,0.0337273173207132
Curtis Perry,1976,56312,0.031786655949188315
Phil Chenier,1976,48457,0.027352713228615894
Jamaal Wilkes,1976,46882,0.026463666788781193
Randy Smith,1976,42916,0.024224963182187913
Fred Brown,1976,35585,0.02008680480096367
Doug Collins,1976,22000,0.012418426461183104
Scott Wedman,1976,22000,0.012418426461183104
Norm Van Lier,1976,22000,0.012418426461183104
Bob McAdoo,1975,98325,0.0888179288914583
Walt Frazier,1975,91621,0.08276214048272872
John Havlicek,1975,87715,0.07923381268969504
Kareem Abdul-Jabbar,1975,77832,0.07030640265934383
Bob Lanier,1975,65917,0.0595434672640555
Dave Cowens,1975,62156,0.0561461193814135
Rick Barry,1975,60547,0.05469269403092932
Gail Goodrich,1975,58986,0.05328262754733343
Earl Monroe,1975,52637,0.047547514091631736
Elvin Hayes,1975,52444,0.047373175314351784
Spencer Haywood,1975,50302,0.04543828587946235
Jo Jo White,1975,49346,0.044574721780604135
Tiny Archibald,1975,46724,0.042206243676831914
Charlie Scott,1975,40736,0.03679722503251915
Bob Dandridge,1975,36318,0.032806402659343835
Paul Silas,1975,34145,0.03084351062292239
Dave Bing,1975,31951,0.028861649082237317
Jim Price,1975,28120,0.02540106951871658
Sidney Wicks,1975,25527,0.02305878739702269
Phil Chenier,1975,20491,0.018509719612660788
Rudy Tomjanovich,1975,14017,0.012661692441104206
Wes Unseld,1975,13983,0.012630979910391676
Steve Mix,1975,3600,0.003251915016620899
Sam Lacey,1975,3600,0.003251915016620899
