date,LeBron James,Allen Iverson,Bill Russell,Bob Pettit,Carmelo Anthony,Charles Barkley,Chris Paul,Clyde Drexler,David Robinson,Dirk Nowitzki,Dominique Wilkins,Dwyane Wade,Elgin Baylor,Elvin Hayes,Gary Payton,Giannis Antetokounmpo,Hakeem Olajuwon,Isiah Thomas,James Harden,Jason Kidd,Jerry West,John Havlicek,John Stockton,Julius Erving,Kareem Abdul-Jabbar,Karl Malone,Kawhi Leonard,Kevin Durant,Kevin Garnett,Kobe Bryant,Larry Bird,Magic Johnson,Michael Jordan,Moses Malone,Nikola Jokic,Oscar Robertson,Patrick Ewing,Paul Pierce,Ray Allen,Rick Barry,Russell Westbrook,Scottie Pippen,Shaquille O'Neal,Stephen Curry,Steve Nash,Tim Duncan,Tracy McGrady,Walt Frazier,Willis Reed
2021-05-02,22,2,1,0,3,2,3,0,1,1,0,1,0,0,1,3,0,0,4,0,0,0,0,0,0,1,2,5,1,8,2,2,35,0,2,0,0,1,1,0,6,1,3,7,1,1,0,0,0
2021-05-09,18,2,1,0,2,1,3,0,1,1,0,1,0,0,1,2,0,0,5,0,1,0,0,0,0,1,2,4,2,11,2,2,29,0,1,1,0,1,1,0,8,1,3,9,1,3,0,0,0
2021-05-16,25,2,1,0,1,2,3,0,1,1,0,1,0,0,1,2,0,0,3,0,0,0,0,0,0,1,2,4,2,18,2,2,27,0,2,0,0,1,1,0,5,1,3,12,1,5,0,0,0
2021-05-23,25,2,1,0,3,2,12,0,1,1,1,2,0,0,0,3,0,0,5,1,1,0,0,0,0,1,5,7,1,9,2,2,20,0,2,0,0,1,1,0,6,5,3,5,1,1,1,0,0
2021-05-30,32,2,1,0,3,3,10,0,1,1,0,2,0,0,1,2,0,0,6,2,0,0,1,0,0,1,7,7,1,9,2,2,21,0,2,0,0,1,1,0,4,2,3,4,2,1,0,0,0
2021-06-06,19,3,1,0,1,3,9,0,1,1,0,3,0,0,0,6,0,0,21,2,0,0,1,0,0,2,7,15,1,8,2,2,18,0,10,0,0,1,1,0,2,2,3,3,3,1,0,0,0
2021-06-13,17,2,1,0,4,6,26,0,1,1,0,2,0,0,0,7,0,0,17,1,1,0,1,0,0,1,26,21,1,8,2,2,18,0,4,0,0,1,1,0,2,2,3,4,4,1,0,0,0
2021-06-20,15,2,1,0,3,3,24,0,1,1,0,2,0,0,1,10,1,0,7,4,0,0,1,0,0,1,25,21,1,9,2,2,19,0,1,0,0,1,1,0,2,3,3,4,3,1,0,0,0
2021-06-27,14,2,1,0,2,3,22,0,1,1,0,2,0,0,1,30,0,0,3,3,0,0,0,0,0,1,19,5,1,7,2,2,18,0,1,0,0,0,1,0,2,6,3,3,2,1,0,0,0
2021-07-04,16,2,1,0,1,3,17,0,1,1,0,1,0,0,1,17,0,1,8,1,0,0,0,0,1,1,3,5,1,9,2,3,18,0,1,0,0,1,1,0,2,3,3,3,1,1,0,0,0
2021-07-11,38,2,1,0,1,2,9,0,1,1,0,1,0,0,0,13,0,1,3,1,0,0,0,0,1,1,3,5,1,9,2,2,27,0,1,1,0,0,1,0,1,2,3,3,1,1,0,0,0
2021-07-18,53,2,2,0,1,3,21,0,1,1,0,2,0,0,1,64,1,1,3,1,1,0,0,0,1,1,2,8,1,10,3,3,37,0,1,1,1,0,1,0,3,2,4,3,1,1,0,0,0
2021-07-25,30,2,1,0,2,2,3,0,1,1,0,2,0,0,1,8,0,1,3,1,0,0,0,0,0,1,2,9,1,9,2,2,26,0,1,0,0,0,1,0,24,2,3,4,1,1,0,0,0
2021-08-01,23,2,1,0,17,2,6,0,1,1,0,2,0,0,1,4,0,1,3,0,0,0,0,0,0,1,10,15,1,9,2,2,22,0,0,0,1,0,1,0,8,2,3,5,1,1,0,0,0
2021-08-08,19,2,1,0,3,1,2,0,1,1,0,1,0,0,2,3,0,2,2,1,0,0,1,0,0,1,3,6,1,8,2,2,21,0,0,0,0,0,1,0,4,2,3,3,1,1,0,0,0
2021-08-15,19,1,1,0,2,1,2,0,1,1,0,1,0,0,1,3,0,1,2,1,0,0,0,0,0,1,2,5,1,9,2,2,20,0,0,0,0,0,1,0,2,1,2,3,1,1,1,0,0
2021-08-22,17,2,1,0,1,1,2,0,1,1,0,1,0,0,1,2,0,1,2,0,0,0,0,0,0,1,1,3,1,20,2,2,21,0,0,0,0,0,1,0,2,1,3,4,1,1,1,0,0
2021-08-29,14,2,1,0,2,1,2,0,1,1,0,1,0,0,0,2,0,0,2,0,0,0,0,0,0,1,2,3,0,7,2,2,17,0,0,0,0,0,1,0,1,1,3,3,1,1,0,0,0
2021-09-05,13,1,1,0,1,1,1,0,1,1,0,1,0,0,0,2,0,0,2,0,0,0,0,0,0,1,2,3,0,7,2,2,17,0,0,0,0,2,1,0,2,1,3,3,3,1,0,0,0
2021-09-12,12,1,1,0,2,1,1,0,1,1,0,3,0,0,0,2,0,0,1,0,0,0,0,0,0,1,1,2,0,7,1,2,15,0,0,0,0,1,1,0,5,1,3,3,1,0,0,0,0
2021-09-19,11,1,0,0,2,1,1,0,1,0,0,1,0,0,0,2,0,0,1,0,0,0,0,0,0,1,1,3,0,6,1,2,16,0,0,0,0,0,1,0,2,1,3,3,1,1,0,0,0
2021-09-26,12,1,0,0,2,1,1,0,1,0,0,1,0,0,0,2,0,0,2,0,0,0,0,0,0,0,1,3,0,6,1,2,15,0,0,0,0,0,0,0,2,1,3,3,1,0,0,0,0
2021-10-03,12,2,1,0,1,1,1,0,0,0,0,1,0,0,0,2,0,0,2,1,0,0,0,0,0,0,1,3,0,6,1,2,14,0,0,0,0,0,0,0,2,1,2,3,1,0,0,0,0
2021-10-10,12,1,1,0,3,1,1,0,0,0,0,1,0,0,1,2,0,0,2,0,0,0,0,0,0,1,1,3,0,6,1,2,14,0,0,0,0,0,0,0,3,1,3,3,1,0,0,0,0
2021-10-17,17,2,1,0,3,2,3,0,0,0,0,1,0,0,1,4,0,0,3,1,0,0,0,0,0,1,4,5,0,11,1,2,15,0,1,0,0,0,1,0,6,1,3,8,1,1,1,0,0
2021-10-24,20,2,1,0,5,1,2,0,0,0,0,1,0,0,1,3,0,0,6,1,0,0,0,0,0,1,2,5,0,11,1,2,17,0,2,0,0,0,1,0,6,1,8,6,1,0,0,0,0
2021-10-31,18,2,0,0,4,1,2,0,1,0,0,1,0,0,5,3,0,0,4,1,0,0,1,0,0,1,2,5,1,10,2,3,18,0,1,0,0,0,1,0,5,4,4,6,1,0,0,0,0
2021-11-07,20,2,0,0,4,1,2,0,1,0,0,1,0,0,6,4,0,0,4,0,0,0,0,0,1,1,2,6,1,8,1,3,17,0,6,0,0,0,1,0,6,4,3,10,1,1,0,0,0
2021-11-14,21,2,1,0,2,1,3,0,0,1,0,2,0,0,3,4,0,0,4,1,0,0,0,0,0,1,2,6,1,9,1,2,17,0,1,0,0,0,1,0,4,2,3,12,1,1,0,0,0
2021-11-21,51,2,1,0,2,2,2,0,0,1,0,1,0,0,1,3,0,0,3,0,0,0,0,0,0,1,2,7,1,7,2,2,17,0,1,0,0,0,1,0,4,2,3,8,1,1,0,0,0
2021-11-28,27,2,1,0,2,1,3,0,0,0,0,1,0,0,3,4,0,0,4,0,0,0,0,0,0,1,2,6,1,8,1,2,17,0,1,0,0,0,1,0,3,2,3,9,1,1,0,0,0
2021-12-05,21,2,1,0,2,2,2,0,1,0,0,1,0,0,1,4,0,0,4,1,0,0,0,0,0,1,2,7,1,11,2,2,18,0,1,0,1,0,2,0,3,2,3,10,1,1,0,0,0
2021-12-12,20,2,1,0,2,1,3,0,1,1,0,1,0,0,1,3,0,2,4,0,0,0,0,0,0,1,2,9,1,8,2,2,18,0,1,0,0,0,8,0,4,2,3,25,1,1,0,0,0
2021-12-19,21,2,1,0,2,2,3,0,1,1,0,1,0,0,2,4,0,1,3,0,0,0,0,0,0,1,2,6,1,9,2,2,18,0,1,0,1,0,1,0,3,2,3,11,1,1,0,0,0
2021-12-26,34,2,1,0,2,1,3,0,1,1,0,2,0,0,2,4,0,1,6,0,1,0,0,0,1,1,2,8,1,10,2,3,21,0,1,0,0,0,1,0,7,2,4,9,1,1,0,0,0
2022-01-02,24,2,1,0,2,1,3,0,1,8,0,1,0,0,2,4,0,1,4,1,0,0,0,0,0,1,3,6,1,11,2,2,21,0,2,0,1,0,1,0,4,2,4,9,1,1,0,0,0
2022-01-09,19,2,1,0,1,1,2,0,1,2,0,1,0,0,2,4,0,1,3,0,0,0,0,0,0,1,2,6,1,10,2,2,20,0,1,0,1,0,1,0,6,2,4,9,1,1,0,0,0
2022-01-16,18,1,1,0,2,1,3,0,1,1,0,1,0,0,1,3,0,0,3,0,0,0,0,0,0,1,2,7,1,10,2,2,20,0,2,0,1,0,1,0,7,2,4,7,1,1,0,0,0
2022-01-23,23,2,1,0,2,1,3,0,1,1,0,1,0,0,1,3,0,0,5,0,0,0,3,0,0,1,2,5,1,27,2,2,20,0,2,0,1,0,1,0,6,2,4,7,1,1,0,0,0
2022-01-30,21,2,1,0,2,1,4,0,1,1,0,1,0,0,2,3,0,0,7,0,2,0,1,0,0,1,2,5,1,11,2,3,20,0,2,0,1,0,1,0,4,2,4,7,1,1,0,0,0
2022-02-06,20,2,1,0,2,1,4,0,0,1,0,1,0,0,1,6,0,0,31,0,1,0,0,0,0,1,2,7,1,9,2,2,19,0,2,0,1,0,1,0,10,1,4,6,1,1,0,0,0
2022-02-13,27,2,1,0,2,2,4,0,1,1,0,1,0,0,1,5,0,0,13,0,1,0,0,0,1,1,2,5,1,9,2,4,23,0,2,0,1,0,1,1,4,2,5,7,1,1,1,0,0
2022-02-20,28,3,1,0,2,3,5,0,1,1,1,2,0,0,1,5,1,1,10,1,2,0,1,1,1,2,2,7,2,12,3,4,27,1,2,0,1,1,2,0,3,2,5,12,1,1,1,0,0
2022-02-27,21,2,1,0,2,2,3,0,1,1,0,1,0,0,1,5,0,1,13,1,1,0,0,0,1,1,2,6,1,8,2,3,19,0,2,0,1,0,1,0,5,2,4,7,1,1,1,0,0
2022-03-06,27,2,1,0,2,2,2,0,1,1,0,1,0,0,1,4,0,1,10,0,3,0,0,0,1,1,2,8,1,8,3,8,19,0,3,0,1,0,1,0,8,2,5,8,1,1,1,0,0
2022-03-13,26,2,1,0,2,3,2,0,1,1,0,1,0,0,1,5,0,1,6,1,6,0,0,0,1,2,2,9,4,7,3,8,18,0,2,0,0,1,2,0,7,2,4,12,1,1,1,0,0
2022-03-20,23,2,1,0,1,4,3,0,1,1,0,1,0,0,1,4,1,1,5,0,4,0,1,0,1,3,2,7,1,8,4,7,18,0,2,0,0,0,1,0,4,2,4,6,1,1,1,0,0
2022-03-27,25,2,1,0,1,3,5,0,1,1,0,1,0,0,1,7,1,0,5,0,3,0,1,0,1,1,3,7,1,7,3,6,19,0,2,0,0,0,1,0,4,1,4,6,1,1,0,0,0
2022-04-03,25,2,1,0,2,4,3,0,1,1,0,1,0,0,1,6,0,0,5,1,2,0,0,0,2,1,3,8,1,8,3,7,20,0,3,0,0,1,1,0,4,1,4,5,1,1,0,0,0
2022-04-10,16,2,1,0,1,2,2,0,1,1,0,1,0,0,1,3,0,0,4,1,2,0,0,0,1,1,6,6,1,8,2,10,19,0,2,0,0,0,1,0,4,1,4,6,1,1,0,0,0
2022-04-17,16,2,1,0,1,3,7,0,1,1,0,3,1,0,3,6,0,0,7,1,3,0,0,0,1,1,2,11,1,8,5,11,19,0,3,0,0,1,1,0,2,2,5,11,2,1,1,0,0
2022-04-24,16,2,1,0,1,4,10,0,1,1,0,2,0,0,2,6,0,0,7,1,3,0,0,1,1,1,2,15,1,9,4,11,18,0,3,0,0,0,1,0,2,2,4,7,2,1,1,0,0
2022-05-01,14,2,1,0,1,2,8,0,1,1,0,2,0,0,10,9,0,0,9,2,2,0,0,0,1,1,1,5,1,9,3,8,18,0,1,0,0,0,1,0,2,2,4,7,1,1,0,0,0
2022-05-08,15,2,1,0,1,3,15,0,1,1,0,1,0,0,2,12,0,0,11,1,2,0,0,1,1,1,2,4,1,8,5,8,18,0,5,0,0,0,1,0,2,1,4,9,1,1,0,0,0
2022-05-15,17,2,1,0,1,3,10,0,1,2,0,1,0,0,2,6,0,0,4,4,1,0,1,0,1,1,2,5,1,7,3,5,18,0,1,0,0,1,1,0,2,2,3,9,1,1,0,0,0
2022-05-22,16,2,1,0,1,4,3,0,1,1,0,1,0,0,2,3,0,0,2,2,1,0,0,0,1,1,2,5,1,7,3,5,18,0,1,0,0,1,1,0,2,1,3,11,1,1,1,0,0
2022-05-29,20,2,1,0,1,2,2,0,1,1,0,1,0,0,3,2,0,0,2,1,1,0,0,0,1,1,1,6,1,8,4,5,19,0,1,0,0,1,1,0,2,1,4,10,1,1,1,0,0
2022-06-05,20,3,1,0,1,2,2,0,1,2,0,1,0,0,5,2,0,0,2,0,1,0,0,0,1,2,1,4,1,8,3,5,38,0,1,0,0,1,1,0,2,1,4,19,1,1,1,0,0
2022-06-12,26,2,2,0,1,2,2,0,1,1,0,1,0,0,10,3,1,1,2,0,1,0,1,1,1,1,2,8,1,10,4,6,23,0,1,0,0,1,1,0,2,2,5,33,1,2,1,0,0
2022-06-19,17,2,2,0,1,2,2,0,1,1,0,1,0,0,3,6,1,0,2,0,1,0,0,0,1,1,2,11,1,10,3,4,22,0,1,0,1,0,1,0,3,3,5,14,1,2,1,0,0
2022-06-26,16,2,1,0,2,1,2,0,1,1,0,2,0,0,6,9,1,0,5,0,1,0,0,0,1,1,2,34,1,8,2,3,19,0,2,0,0,0,1,0,3,3,4,7,1,1,0,0,0
2022-07-03,15,2,1,0,3,2,2,0,1,2,0,1,0,0,3,6,0,1,4,0,1,0,0,0,1,1,2,27,1,8,2,3,20,0,2,0,0,0,1,0,3,4,4,8,1,1,1,0,0
2022-07-10,15,3,1,0,2,2,2,0,1,1,0,1,0,0,2,4,0,0,2,0,1,0,0,0,1,1,1,14,1,7,3,3,20,0,1,0,0,0,1,0,2,2,4,6,1,1,1,0,0
2022-07-17,16,2,1,0,2,3,2,0,1,1,0,1,0,0,1,3,0,0,3,0,1,0,0,0,1,1,1,9,1,8,2,3,18,0,1,0,0,0,1,0,4,2,4,6,1,1,1,0,0
2022-07-24,15,2,1,0,2,2,2,0,1,1,0,1,0,0,1,3,0,0,2,0,1,0,0,0,1,1,1,11,1,7,2,3,18,0,0,0,0,1,1,0,2,2,3,4,1,1,0,0,0
2022-07-31,16,2,78,0,1,2,2,0,1,1,0,1,0,0,1,2,1,0,2,0,1,0,0,0,2,1,1,8,1,8,4,3,18,0,1,0,1,0,1,0,3,1,3,4,0,1,0,0,0
2022-08-07,14,2,6,0,1,1,2,0,1,1,0,1,0,0,1,4,0,0,2,0,1,0,0,0,1,1,1,12,1,20,3,3,18,0,0,0,0,0,1,0,2,1,3,4,1,1,0,0,0
2022-08-14,18,2,2,0,1,1,1,0,1,1,0,1,0,0,1,3,0,0,2,0,1,0,0,0,1,1,1,9,1,24,3,3,17,0,1,0,0,0,1,0,2,1,3,4,1,1,0,0,0
2022-08-21,13,2,1,0,1,1,1,0,1,1,0,2,0,0,1,3,0,0,3,0,1,0,0,0,1,1,1,9,0,41,2,3,17,0,1,0,0,0,1,0,3,1,5,4,1,1,0,0,0
2022-08-28,13,2,1,0,2,1,2,0,1,2,0,1,0,0,1,3,0,0,2,0,0,0,0,0,1,1,1,4,1,11,2,2,16,0,1,0,0,0,1,0,2,1,3,4,1,1,0,0,0
2022-09-04,12,1,1,0,2,1,1,0,1,1,0,1,0,0,1,3,0,0,1,0,0,0,0,0,0,1,1,4,0,9,2,2,17,0,1,0,0,0,0,0,2,2,3,3,0,1,0,0,0
2022-09-11,12,1,1,0,1,1,1,0,1,1,0,1,0,0,0,5,0,0,1,0,1,0,0,0,0,1,1,4,0,8,2,2,16,0,1,0,0,0,0,0,2,1,3,4,0,1,0,0,0
2022-09-18,14,1,1,0,1,1,1,0,0,1,0,2,0,0,1,3,0,0,2,0,1,0,0,0,0,1,1,3,0,8,2,2,16,0,0,0,0,0,1,0,2,1,4,4,0,0,0,0,0
2022-09-25,12,1,1,0,1,1,2,0,1,0,0,1,0,0,1,2,0,0,2,0,0,0,0,0,0,0,1,4,0,7,2,2,14,0,0,0,0,0,1,0,2,1,3,5,1,1,0,0,0
2022-10-02,12,1,1,0,2,1,2,0,0,0,0,1,0,0,1,2,0,0,2,0,0,0,0,0,0,0,1,3,0,8,2,2,14,0,0,0,0,0,1,0,2,1,3,4,1,1,0,0,0
2022-10-09,15,1,1,0,3,1,2,0,1,1,0,1,0,0,1,2,0,0,2,1,0,0,0,0,0,0,2,3,0,12,2,2,15,0,1,0,0,0,1,0,3,1,4,4,1,1,0,0,0
2022-10-16,19,1,3,0,3,2,2,0,1,0,0,1,0,0,1,3,0,0,6,0,0,0,0,0,1,0,5,4,0,9,2,2,17,0,1,0,0,1,1,0,6,1,4,7,1,1,0,0,0
2022-10-23,20,1,1,0,3,1,3,0,1,0,0,1,0,0,1,5,0,0,4,1,1,0,0,0,1,1,4,6,0,9,2,3,17,0,2,0,0,0,1,0,7,1,5,8,1,1,0,0,0
2022-10-30,19,1,1,0,2,2,2,0,1,0,0,4,0,0,1,6,0,0,4,0,0,0,0,0,1,1,3,7,1,8,2,3,17,0,1,0,0,0,1,0,6,1,4,7,12,0,0,0,0
2022-11-06,21,1,1,0,2,1,2,0,1,0,0,2,0,0,1,5,0,1,2,0,0,0,0,0,0,0,4,6,0,8,2,2,19,0,1,0,0,0,0,0,5,1,3,7,1,0,0,0,0
2022-11-13,16,1,1,0,2,1,2,0,1,1,0,1,0,0,1,5,0,0,2,0,0,0,0,0,0,1,3,6,0,7,2,2,21,0,1,0,0,0,0,0,3,2,3,10,1,0,0,0,0
2022-11-20,16,1,1,0,1,1,2,0,1,0,0,1,0,0,1,5,0,0,2,0,0,0,0,0,0,0,3,4,0,7,2,2,20,0,1,0,0,0,0,0,3,1,3,7,1,0,0,0,0
2022-11-27,21,1,1,0,1,1,18,0,2,0,0,1,0,0,1,5,0,0,2,0,1,0,0,0,0,0,2,5,0,7,2,2,20,0,1,0,0,0,0,0,5,1,3,6,0,0,0,0,0
2022-12-04,17,2,1,0,1,1,5,0,1,0,0,1,0,0,1,6,0,0,2,0,0,0,0,0,0,0,3,4,1,9,2,2,17,0,2,0,0,0,0,0,3,1,3,7,0,1,0,0,0
2022-12-11,18,2,1,0,3,1,4,0,1,0,0,1,0,0,1,5,0,0,3,0,1,0,0,0,0,0,3,4,1,8,2,2,20,0,1,0,0,0,1,0,3,1,3,9,1,1,0,0,0
2022-12-18,19,2,1,0,1,1,3,0,1,1,0,1,0,0,1,6,0,0,4,0,0,0,0,0,0,1,2,6,1,8,2,2,19,0,2,0,0,0,1,0,3,1,3,6,1,1,0,0,0
2022-12-25,32,2,2,0,2,1,3,0,1,3,0,1,0,0,2,8,0,1,7,1,1,0,1,0,1,1,3,7,1,9,2,2,26,0,4,0,1,0,1,0,3,1,5,7,1,1,0,0,0
2023-01-01,28,2,1,0,1,1,3,0,1,1,0,1,0,0,2,8,0,0,5,0,0,0,1,0,1,1,3,8,1,9,2,2,21,0,3,0,1,0,1,0,4,1,4,6,1,1,0,0,0
2023-01-08,23,2,1,0,1,1,2,0,1,1,0,1,0,0,1,6,0,0,4,0,0,0,0,0,1,1,3,8,1,8,2,2,20,0,2,0,0,0,1,0,4,1,3,8,1,1,0,0,0
2023-01-15,29,2,1,0,1,1,2,0,1,1,0,1,0,0,1,4,0,0,6,0,0,0,0,0,1,1,3,5,1,9,2,2,21,0,3,0,1,0,1,0,5,1,3,8,1,1,0,0,0
2023-01-22,29,2,1,0,1,1,3,0,1,1,0,1,0,0,1,5,0,0,4,0,1,0,0,0,1,1,4,5,1,21,2,2,20,0,2,0,0,0,1,0,4,2,3,8,1,1,0,0,0
2023-01-29,35,2,1,0,1,1,4,0,1,1,0,1,0,0,1,7,0,0,5,0,0,0,1,0,1,1,4,6,1,10,2,2,31,0,3,0,0,1,1,0,5,1,3,8,1,1,0,0,0
2023-02-05,100,2,5,0,2,2,5,0,1,1,0,1,0,0,7,7,0,1,7,1,1,0,1,0,7,2,4,43,1,12,2,3,34,0,3,0,1,1,1,0,21,3,3,11,1,1,0,0,0
2023-02-12,30,2,4,0,2,2,4,0,1,1,0,1,0,0,3,8,0,0,4,0,1,1,0,0,1,3,4,13,1,9,2,2,36,0,2,0,0,1,1,0,12,2,3,6,1,1,0,0,0
2023-02-19,24,2,2,0,3,2,2,0,1,1,0,2,0,0,1,8,0,0,4,0,1,0,1,1,1,14,3,8,1,10,3,2,30,0,3,0,1,0,1,0,15,2,3,8,1,1,0,0,0
2023-02-26,25,2,2,0,2,2,3,0,1,1,0,3,0,0,1,6,0,0,5,1,1,0,0,0,1,2,4,14,1,15,3,2,41,0,4,0,1,0,1,0,8,2,3,7,1,1,0,0,0
2023-03-05,20,2,4,0,2,2,3,0,1,1,0,1,0,0,1,6,0,0,5,1,1,0,0,0,1,1,3,16,1,10,2,2,37,0,3,0,2,1,1,0,5,2,4,8,1,1,1,0,0
2023-03-12,17,2,1,0,1,2,3,0,1,1,0,1,0,0,1,5,0,0,4,1,0,0,0,0,1,1,2,7,1,8,2,3,31,0,3,0,1,1,1,0,4,1,3,11,1,1,0,0,0
2023-03-19,18,2,1,0,1,3,3,0,1,1,0,1,0,0,1,5,0,1,4,1,0,0,1,0,1,1,4,7,1,8,2,2,28,0,2,0,1,1,1,0,4,5,6,7,1,1,0,0,5
2023-03-26,22,1,1,0,1,5,3,0,1,1,0,1,0,0,2,5,0,1,3,1,0,0,0,0,0,1,3,9,1,7,2,2,25,0,3,0,0,1,1,0,6,1,3,7,0,1,0,0,0
2023-04-02,25,2,1,0,1,2,3,0,1,1,0,1,0,0,1,4,0,1,3,1,0,0,0,0,0,1,3,9,1,7,3,3,31,0,2,0,0,0,1,0,5,1,3,6,1,1,0,0,0
2023-04-09,21,2,1,0,1,2,2,0,1,1,0,1,0,0,1,3,0,0,3,0,0,0,0,0,1,1,2,6,1,7,2,3,31,0,1,0,0,1,1,0,3,1,3,5,1,1,0,0,0
2023-04-16,22,2,1,0,1,4,6,0,1,1,0,1,0,0,2,16,0,0,6,0,0,0,0,0,1,1,16,11,1,8,2,2,24,0,2,0,0,0,1,0,11,1,3,9,1,1,0,0,0
2023-04-23,32,2,1,0,1,4,3,0,1,1,0,2,0,0,2,12,0,0,2,0,1,0,0,0,1,1,13,8,1,8,2,2,25,0,3,0,0,0,1,0,6,1,3,10,1,1,0,0,0
2023-04-30,34,2,2,0,2,4,7,0,1,1,0,2,0,0,2,4,1,0,14,0,1,0,0,0,1,1,2,13,1,10,2,4,25,0,5,0,1,0,1,0,2,2,3,21,1,1,0,0,0
2023-05-07,42,3,2,0,1,4,7,0,1,1,0,2,0,0,4,4,1,0,12,0,1,0,0,1,2,1,2,16,1,10,3,4,29,0,9,0,1,0,1,0,2,2,4,17,1,1,0,0,0
2023-05-14,34,2,2,0,1,3,2,0,1,1,0,5,0,0,1,4,1,0,9,0,1,0,1,0,2,1,2,6,1,10,4,4,44,0,12,0,1,1,1,0,2,2,3,8,1,2,0,0,0
2023-05-21,45,2,2,0,17,5,2,0,1,1,0,2,0,0,1,3,1,1,3,0,1,0,1,0,1,1,1,4,1,10,4,4,41,0,14,0,1,1,1,0,2,3,4,6,1,2,1,0,0
2023-05-28,19,2,2,0,2,5,2,0,1,1,0,2,0,0,1,2,1,1,2,1,1,0,1,0,1,1,1,3,1,9,4,4,33,0,12,0,1,1,1,0,1,5,4,5,1,1,1,0,0
2023-06-04,21,2,1,0,2,3,10,0,1,1,0,2,0,0,1,2,1,1,2,0,1,0,0,0,1,1,1,3,1,9,3,8,27,0,15,0,1,1,1,0,1,2,3,5,1,1,1,0,0
2023-06-11,16,2,1,0,2,2,3,0,1,1,0,8,0,0,1,2,1,0,2,0,1,0,0,0,1,1,1,3,1,8,2,2,28,0,26,0,1,2,1,0,1,2,3,4,1,2,0,0,0
2023-06-18,18,2,1,0,1,1,25,0,1,1,0,2,0,0,1,2,0,1,2,0,1,0,0,0,1,1,1,4,1,7,2,3,25,0,4,0,0,0,1,0,2,2,3,5,1,1,0,0,0
2023-06-25,15,2,1,0,1,2,6,0,2,1,0,2,0,0,1,2,0,0,7,0,1,0,0,0,1,1,1,3,1,7,3,2,21,0,2,0,0,0,1,0,2,1,3,5,1,3,0,0,0
2023-07-02,13,2,1,0,1,2,4,0,1,1,0,2,0,0,1,2,0,0,5,0,1,0,0,0,1,1,1,3,1,7,2,2,21,0,2,0,0,0,1,0,4,2,3,4,1,1,1,0,0
2023-07-09,15,2,1,0,1,2,4,0,1,1,0,1,0,0,1,2,0,1,3,0,1,0,0,0,2,1,1,3,1,7,2,3,20,0,1,0,0,0,1,0,1,2,3,4,0,1,1,0,0
2023-07-16,16,1,2,0,1,3,3,0,1,1,0,1,0,0,1,2,0,0,4,0,1,0,0,0,1,1,1,3,1,7,2,5,20,0,1,0,0,1,1,0,1,1,3,7,1,1,1,0,0
2023-07-23,44,2,1,0,1,1,2,0,1,1,0,2,0,0,1,2,0,0,3,0,1,0,0,0,1,1,1,3,1,7,2,3,18,0,1,0,0,1,1,0,1,1,3,7,1,1,1,0,0
2023-07-30,13,1,1,0,1,2,2,0,1,1,0,1,0,0,1,2,0,1,2,0,1,0,0,1,1,1,1,2,1,8,2,3,17,0,1,0,0,1,1,0,1,1,3,5,1,1,1,0,0
2023-08-06,11,1,1,0,1,1,2,0,1,1,0,2,0,0,0,2,0,0,2,0,1,0,0,0,1,1,1,2,1,9,2,7,16,0,1,0,0,1,1,0,1,1,2,4,1,1,1,0,0
2023-08-13,10,2,1,0,1,1,2,0,1,3,0,5,0,0,1,2,0,0,9,0,1,0,0,0,1,1,1,2,1,8,2,5,16,0,1,0,0,1,1,0,1,1,2,3,1,1,1,0,0
2023-08-20,10,1,1,0,1,1,2,0,1,1,0,1,0,0,0,2,0,0,4,0,1,0,0,0,1,1,1,2,1,16,5,6,17,0,1,0,0,0,1,0,1,1,2,4,0,1,1,0,0
2023-08-27,9,1,1,0,1,1,1,0,1,1,0,1,0,0,0,2,0,0,2,0,1,0,0,0,1,1,1,2,0,8,3,5,17,0,2,0,0,0,0,0,1,1,2,4,0,1,0,0,0
2023-09-03,10,1,1,0,1,1,1,0,0,1,0,1,0,0,0,2,0,0,2,0,1,0,0,0,1,1,1,2,0,8,3,4,15,0,2,0,0,0,0,0,1,1,2,4,1,1,0,0,0
2023-09-10,11,1,1,0,1,1,2,0,0,2,0,1,0,0,0,2,0,0,2,0,1,0,0,0,1,1,1,2,0,10,2,5,14,0,2,0,0,0,1,0,1,1,2,4,1,1,0,0,0
2023-09-17,9,1,1,0,1,1,2,0,0,1,0,5,0,0,0,2,0,0,2,0,1,0,0,0,1,1,1,2,0,8,3,4,14,0,1,0,0,0,0,0,1,1,2,3,0,0,0,0,0
2023-09-24,9,1,1,0,1,1,2,0,0,0,0,2,0,0,1,2,0,0,3,0,1,0,0,0,1,1,1,2,0,8,2,3,14,0,1,0,0,0,0,0,1,1,2,3,1,1,0,0,0
2023-10-01,14,1,1,0,1,1,2,0,0,0,0,1,0,0,1,2,0,0,5,0,0,0,0,0,1,1,1,2,0,7,2,3,15,0,1,0,0,0,0,0,1,1,2,3,1,1,0,0,0
2023-10-08,13,2,0,0,1,1,3,0,1,0,0,1,0,0,1,2,0,0,4,0,0,0,0,0,0,1,1,2,0,6,2,2,14,0,1,0,0,0,0,0,1,1,2,3,0,1,0,0,0
2023-10-15,11,1,1,0,1,1,2,0,0,0,0,1,0,0,1,2,0,0,5,0,0,0,0,0,0,1,1,2,1,7,2,2,15,0,1,0,0,0,0,0,1,1,2,4,0,1,0,0,0
2023-10-22,18,1,1,0,1,1,5,0,1,1,0,1,0,0,1,4,0,0,7,0,0,0,0,0,0,2,2,7,1,7,2,2,15,0,3,0,0,0,0,0,3,2,2,6,0,1,0,0,0
2023-10-29,17,1,1,0,1,1,4,0,1,0,0,8,0,0,1,4,0,0,25,0,0,0,0,0,0,2,4,8,1,7,2,3,18,0,3,0,0,0,0,0,5,3,2,9,0,1,0,0,0
2023-11-05,19,1,1,0,1,1,3,0,1,1,0,2,0,0,1,6,0,0,7,0,0,0,0,0,0,1,2,5,1,7,2,2,18,0,3,0,0,1,0,0,3,2,2,7,1,1,0,0,0
2023-11-12,18,1,1,0,1,1,4,0,1,1,0,1,0,0,1,5,0,0,8,0,0,0,0,0,0,1,3,5,1,7,2,2,19,0,3,0,0,0,1,0,3,1,3,7,0,1,0,0,0
2023-11-19,19,1,1,0,1,1,6,0,1,0,0,2,0,0,1,5,0,0,4,0,0,0,0,0,1,2,3,7,1,7,2,2,17,0,3,0,0,0,1,0,2,1,3,7,0,1,0,0,0
2023-11-26,19,2,1,0,1,1,3,0,0,1,0,1,0,0,1,4,0,0,5,1,0,0,0,0,1,2,3,6,1,7,2,2,17,0,4,0,0,0,1,0,3,1,2,6,0,1,0,0,0
2023-12-03,22,2,1,0,1,2,2,0,1,1,0,1,0,0,1,5,0,0,3,0,0,0,0,0,1,1,2,6,1,7,2,2,18,0,3,0,0,0,1,0,2,1,2,5,0,1,0,0,0
2023-12-10,25,2,1,0,1,1,3,0,1,1,0,1,0,0,1,7,0,0,3,0,0,0,0,0,1,1,2,5,1,7,2,2,18,0,3,0,0,0,1,0,2,1,3,6,1,1,0,0,0
2023-12-17,15,2,1,0,1,2,3,0,0,0,0,1,0,0,1,6,0,0,5,0,0,0,0,0,2,1,4,5,1,9,2,2,17,0,3,0,0,0,1,0,2,1,2,9,0,1,0,0,0
2023-12-24,23,2,1,0,1,1,3,0,1,1,0,1,0,0,1,5,0,0,4,0,0,0,0,0,1,1,3,8,1,10,2,2,19,0,3,0,0,0,1,0,2,1,3,7,0,1,0,0,0
2023-12-31,21,2,1,0,1,1,4,0,1,1,0,1,0,0,1,6,0,0,4,0,0,0,0,0,1,1,3,5,1,9,2,2,18,0,4,0,0,0,1,0,2,1,3,8,1,1,0,0,0
2024-01-07,17,1,1,0,1,2,2,0,1,1,0,1,0,0,1,5,0,0,5,0,0,0,0,0,1,1,5,5,1,8,2,2,19,0,3,0,0,0,1,0,2,2,2,7,1,1,0,0,0
2024-01-14,15,1,1,0,1,2,2,0,1,1,0,2,0,0,1,5,0,0,3,0,0,0,0,0,1,1,2,5,1,8,2,2,18,0,3,0,0,0,1,0,2,2,2,5,0,1,0,0,0
2024-01-21,18,2,1,0,1,2,2,0,1,1,0,1,0,0,1,5,0,0,4,1,0,0,0,0,1,1,3,7,1,19,2,2,18,0,3,0,0,1,0,0,3,2,3,6,1,1,0,0,0
2024-01-28,24,2,1,0,1,3,2,0,1,1,0,1,0,0,1,4,0,0,5,0,0,0,0,0,1,1,4,7,1,11,2,2,19,0,3,0,0,0,1,0,3,1,2,9,1,1,0,0,0
2024-02-04,22,2,1,0,1,2,2,0,1,1,0,1,0,0,1,5,0,0,5,0,1,0,0,0,1,1,4,6,1,20,2,3,20,0,3,0,1,0,1,0,2,1,3,11,1,1,0,0,0
2024-02-11,18,2,1,0,1,1,2,0,1,0,0,1,0,0,1,4,0,0,3,0,0,0,0,0,1,1,2,5,1,11,2,3,22,0,2,0,0,0,1,0,2,2,4,10,1,1,1,0,0
2024-02-18,20,2,1,0,1,2,2,0,1,1,1,1,0,0,1,5,0,1,3,1,1,0,0,0,1,1,2,6,1,9,4,3,20,0,3,1,1,1,1,0,1,2,4,10,1,1,0,0,0
2024-02-25,24,2,1,0,1,2,3,0,1,1,0,1,0,0,1,5,0,0,4,1,0,0,0,0,1,1,3,5,1,9,2,2,19,0,4,0,0,1,1,0,2,1,3,8,1,1,0,0,0
2024-03-03,26,2,1,0,1,2,2,0,1,1,0,1,0,0,1,6,0,1,5,1,0,0,0,0,1,1,3,7,1,8,3,2,18,0,4,0,0,0,1,0,2,1,3,10,1,1,0,0,0
2024-03-10,17,2,1,0,1,1,3,0,1,0,0,1,0,0,1,4,0,1,4,0,0,0,0,0,1,1,4,6,1,8,3,2,16,0,3,0,0,0,1,0,1,1,2,7,1,1,0,0,0
2024-03-17,18,2,1,0,1,3,3,0,1,1,0,1,0,0,1,4,0,2,4,0,0,0,0,0,1,1,2,6,1,8,3,2,16,0,3,0,1,1,1,0,1,1,2,7,1,1,0,0,0
2024-03-24,21,2,1,0,1,3,2,0,1,0,0,1,0,0,1,4,0,1,5,0,0,0,0,0,1,1,2,5,1,7,3,2,16,0,3,0,1,0,1,0,2,1,3,7,0,1,0,0,0
2024-03-31,27,2,1,0,2,2,2,0,1,1,0,1,0,0,1,3,0,1,4,0,1,0,0,0,1,1,2,4,1,8,3,3,17,0,3,0,0,1,1,0,2,1,3,6,1,1,0,0,0
2024-04-07,21,3,1,0,1,3,3,0,1,1,0,1,0,0,1,5,0,1,3,0,1,0,0,0,1,1,2,4,1,7,3,2,16,0,3,0,0,1,1,0,2,1,2,6,1,1,0,0,0
2024-04-14,24,2,1,0,1,1,3,0,1,1,0,1,0,0,1,3,0,0,2,0,0,0,0,0,1,1,3,5,1,7,2,2,15,0,3,0,0,1,1,0,1,1,2,7,0,1,0,0,0
2024-04-21,26,2,1,0,2,2,2,0,1,1,0,1,0,0,1,8,0,0,7,1,0,0,0,0,1,1,9,9,1,7,2,2,17,0,9,0,0,1,1,0,4,1,2,4,1,1,0,0,0
2024-04-28,28,2,1,0,2,4,2,0,1,1,0,1,0,0,1,7,0,0,9,1,0,0,0,0,1,1,7,10,1,9,2,3,19,0,7,0,1,1,1,0,4,1,3,4,1,1,0,0,0
2024-05-05,16,2,1,0,2,3,2,0,1,1,0,1,0,0,1,2,0,0,2,1,1,0,3,0,1,2,2,4,1,8,2,2,19,0,7,0,1,1,1,0,1,1,3,3,1,1,0,0,0
2024-05-12,17,2,1,0,1,2,2,0,1,1,0,1,0,0,1,2,0,0,2,1,0,0,1,0,1,1,1,3,1,7,2,2,16,0,9,0,1,1,1,0,1,1,3,3,1,1,0,0,0
2024-05-19,14,2,1,0,1,3,2,0,1,1,0,1,0,0,0,2,0,0,2,2,0,0,1,0,1,1,1,3,2,8,3,2,16,0,5,0,1,1,1,0,1,1,3,3,1,1,0,0,0
2024-05-26,15,2,1,0,1,3,2,0,1,2,0,1,0,0,1,2,0,1,2,4,1,0,1,0,1,1,1,3,1,7,4,2,17,0,2,0,0,1,1,0,1,1,2,3,1,1,0,0,0
2024-06-02,13,2,1,0,1,1,2,0,1,2,0,1,0,0,0,1,0,0,2,3,0,0,1,0,1,1,1,3,1,7,3,2,15,0,1,0,0,1,1,0,1,1,2,3,1,1,1,0,0
2024-06-09,13,2,2,0,1,4,2,0,1,3,0,1,0,0,1,2,0,0,3,4,42,0,1,0,1,1,1,2,1,7,3,3,16,0,1,0,0,1,1,0,1,1,3,3,1,1,0,0,0
2024-06-16,13,2,2,0,1,2,2,0,0,1,0,1,1,0,1,2,0,0,2,1,3,0,1,0,1,1,2,2,1,7,3,3,16,0,1,0,0,1,1,0,3,1,3,3,1,1,0,0,0
2024-06-23,28,1,1,0,1,1,2,0,1,1,0,1,0,0,0,2,0,0,2,0,1,0,1,0,1,1,1,5,1,6,2,3,14,0,1,0,0,1,1,0,2,1,2,3,1,1,0,0,0
2024-06-30,22,2,1,0,1,1,10,0,0,1,0,1,0,0,1,2,0,1,3,0,1,0,1,0,1,2,2,3,1,6,2,2,14,0,1,0,0,0,1,0,3,1,2,4,0,1,0,0,0
2024-07-07,15,2,1,0,1,1,2,0,1,0,0,1,0,0,1,2,0,1,2,0,1,0,1,0,1,1,8,6,1,6,2,2,14,0,1,0,0,0,2,0,2,1,2,4,1,1,0,0,0
2024-07-14,13,1,1,0,1,1,2,0,0,1,0,1,0,0,1,1,0,0,1,0,1,0,1,0,0,1,2,4,1,10,2,3,13,0,1,0,0,0,1,0,6,1,3,3,1,1,0,0,0
2024-07-21,22,1,0,0,1,1,1,0,1,1,0,1,0,0,0,3,0,0,1,0,1,0,1,0,1,1,1,6,0,7,2,3,15,0,1,0,0,1,1,0,3,2,2,4,0,1,0,0,0
2024-07-28,37,1,1,0,1,1,1,0,1,1,0,2,0,0,1,4,0,0,1,0,0,0,1,0,1,1,1,17,1,9,2,2,17,0,2,0,0,0,1,1,1,1,5,10,0,1,0,0,0
2024-08-04,62,1,1,0,3,2,1,0,1,2,0,2,0,0,0,2,0,0,2,0,0,0,0,0,1,1,2,20,1,10,2,2,20,0,5,0,0,0,0,0,1,1,5,28,0,1,0,0,0
2024-08-11,36,1,1,0,2,1,1,0,1,1,0,1,0,0,0,1,0,0,2,0,1,0,0,0,1,1,1,12,1,10,2,3,18,0,3,0,0,0,1,0,1,1,3,23,0,1,0,0,0
2024-08-18,13,1,0,0,1,1,1,0,1,1,0,1,0,0,0,1,0,0,2,0,0,0,0,0,1,1,2,4,1,11,2,2,14,0,1,0,0,0,1,0,1,1,2,7,1,1,0,0,0
2024-08-25,12,1,0,0,1,1,1,0,1,0,0,1,0,0,0,1,0,0,2,0,1,0,0,0,1,1,1,2,1,8,2,2,13,0,1,0,0,0,0,0,1,1,2,5,1,1,0,0,0
2024-09-01,11,1,0,0,1,1,1,0,1,1,0,1,0,0,0,1,0,0,2,0,0,0,0,0,1,1,1,2,1,5,1,3,15,0,1,0,0,0,0,0,1,1,2,4,0,1,0,0,0
2024-09-08,10,1,0,0,1,1,1,0,1,0,0,1,0,0,1,1,0,0,2,0,1,0,0,0,0,0,1,2,0,5,1,2,12,0,1,0,0,0,0,0,1,1,2,4,0,0,0,0,0
2024-09-15,10,1,0,0,1,1,1,0,1,0,0,1,0,0,0,1,0,0,1,0,0,0,0,0,1,0,1,2,0,5,1,2,16,0,0,0,0,0,0,0,1,1,2,3,0,0,0,0,0
2024-09-22,13,1,0,0,1,1,1,0,1,0,0,1,0,0,0,1,0,0,2,0,0,0,0,0,1,0,1,2,0,5,1,2,14,0,1,0,0,0,0,0,1,1,2,3,0,1,0,0,0
2024-09-29,16,1,0,0,1,1,3,0,0,0,0,1,0,0,0,1,0,0,2,0,0,0,0,0,1,1,1,2,0,6,1,3,14,0,1,0,1,0,0,0,1,1,2,3,0,1,0,0,0
2024-10-06,18,1,0,0,1,1,2,0,0,0,0,1,0,0,0,1,0,0,2,0,1,0,0,0,0,1,1,3,1,5,1,2,13,0,1,0,0,0,0,0,1,1,2,3,0,1,0,0,0
2024-10-13,15,1,0,0,1,1,2,0,1,0,0,1,0,0,1,1,0,0,2,0,1,0,0,0,0,0,3,3,1,6,1,2,13,0,1,0,0,0,1,0,1,1,2,3,0,1,0,0,0
2024-10-20,25,1,1,0,1,1,3,0,1,1,0,1,0,0,1,2,0,0,3,0,1,0,0,0,0,1,3,4,1,6,1,2,13,0,2,0,0,0,1,0,2,1,2,4,0,1,0,0,0
2024-10-27,24,2,0,0,1,1,4,0,1,1,0,13,0,0,1,4,0,0,5,0,1,0,0,0,0,1,2,5,1,6,1,3,13,0,3,0,0,0,0,0,4,1,2,6,0,1,0,0,0
2024-11-03,17,1,0,0,1,1,4,0,1,0,0,2,0,0,1,5,0,0,4,0,0,0,0,0,0,0,1,6,0,5,1,2,12,0,2,0,0,0,0,0,3,1,2,6,0,1,0,0,0
2024-11-10,21,1,0,0,1,1,5,0,1,0,0,1,0,0,1,6,0,0,5,0,0,0,0,0,0,1,1,5,0,6,1,2,14,0,3,0,0,0,1,0,2,2,4,8,0,1,0,0,0
2024-11-17,19,1,1,0,1,1,4,0,0,1,0,1,0,0,1,4,0,0,6,0,0,0,0,0,0,1,2,4,0,6,1,2,14,0,5,0,0,0,1,0,3,1,2,6,1,1,0,0,0
2024-11-24,17,1,0,0,1,1,3,0,1,0,0,1,0,0,1,3,0,0,5,0,0,0,0,0,1,0,2,6,0,5,2,2,13,0,3,0,0,0,1,0,3,1,2,5,1,1,0,0,0
2024-12-01,20,1,0,0,1,1,3,0,0,0,0,1,0,0,1,5,0,0,5,0,0,0,0,0,1,1,1,5,0,6,2,2,13,0,3,0,0,0,1,0,2,1,2,5,0,1,0,0,0
2024-12-08,28,1,0,0,1,1,3,0,0,0,0,1,0,0,1,5,0,0,3,0,0,0,1,0,1,1,1,3,1,6,2,2,14,0,3,0,0,0,0,0,2,1,2,5,2,1,1,0,0
2024-12-15,26,1,0,0,1,1,2,0,1,1,0,1,0,0,0,6,0,0,4,0,0,0,0,0,1,0,1,3,1,6,2,2,14,0,2,0,0,0,1,0,2,1,2,6,1,1,0,0,0
2024-12-22,24,1,0,0,1,1,4,0,1,1,0,1,0,0,1,3,0,1,3,0,1,0,1,0,1,1,2,8,1,6,2,2,14,0,4,0,0,0,1,0,3,1,2,7,1,1,0,0,0
2024-12-29,34,1,1,0,1,2,3,0,1,1,0,1,0,0,0,4,0,1,4,0,1,0,1,0,1,1,2,5,1,7,2,3,15,0,3,0,0,0,1,0,4,1,2,7,1,1,0,0,0
2025-01-05,18,1,1,0,1,1,3,0,1,1,0,1,0,0,0,4,0,0,3,0,1,0,0,0,1,1,4,6,1,7,2,3,16,0,4,0,0,0,1,0,4,1,2,5,1,1,0,0,0
2025-01-12,20,1,1,0,1,1,3,0,1,1,0,1,0,0,1,4,0,0,3,0,1,0,0,0,1,1,2,6,1,7,2,3,15,0,4,0,0,0,1,0,5,1,2,4,1,1,0,0,0
2025-01-19,20,1,1,0,1,1,3,0,1,0,0,1,0,0,1,3,0,0,3,0,1,0,0,0,0,1,2,4,1,7,2,3,15,0,5,0,0,0,0,0,4,2,2,5,1,1,0,0,0
2025-01-26,22,1,1,0,1,1,2,0,1,1,0,2,0,0,2,4,0,1,5,0,0,0,0,0,1,1,3,6,1,15,2,3,17,0,4,0,0,0,1,0,3,1,2,6,1,1,0,0,0
2025-02-02,40,2,1,0,1,2,4,0,1,2,0,2,0,0,1,6,0,0,5,2,1,0,1,0,1,1,3,20,1,9,2,3,23,0,5,0,0,0,1,0,2,2,2,7,1,1,0,0,0
2025-02-09,25,1,1,0,1,2,3,0,1,2,0,1,0,0,1,3,0,0,4,1,1,0,2,0,1,1,2,9,1,9,2,2,19,0,3,0,0,0,1,0,2,1,2,8,1,1,0,0,0
2025-02-16,24,2,1,0,1,2,4,0,1,1,0,1,0,0,1,4,0,0,3,0,1,0,2,0,1,1,1,7,1,8,2,2,20,0,3,0,0,0,1,0,2,1,3,7,1,1,1,0,0
2025-02-23,28,1,1,0,1,1,3,0,1,1,0,1,0,0,1,4,0,0,4,1,0,0,1,0,1,1,3,7,1,8,2,2,18,0,4,0,0,0,1,0,3,1,2,11,1,1,1,0,0
2025-03-02,35,2,1,0,1,2,3,0,1,1,0,1,0,0,1,3,1,0,6,1,1,0,1,0,1,1,3,7,1,7,2,2,18,0,4,0,0,0,1,0,3,1,2,9,1,1,0,0,0
2025-03-09,27,1,1,0,1,2,2,0,1,1,0,2,0,0,1,4,0,0,4,0,1,0,1,0,1,1,2,6,1,6,2,2,16,0,5,0,0,0,1,0,3,1,2,10,1,1,0,0,0
2025-03-16,24,1,1,0,1,2,2,0,1,1,0,1,0,0,1,4,0,0,5,0,1,0,1,0,1,1,2,6,1,6,3,2,16,0,3,0,0,0,1,0,3,1,2,8,1,1,0,0,0
2025-03-23,32,1,1,0,1,2,3,0,1,0,0,1,0,0,1,3,0,0,4,0,1,0,1,0,1,1,3,6,1,6,3,2,16,0,3,0,1,0,1,0,2,1,2,6,1,1,0,0,0
2025-03-30,28,1,1,0,6,3,4,0,1,0,0,1,0,0,1,4,0,0,4,0,1,0,0,0,0,1,3,6,1,6,2,2,18,0,5,0,1,0,1,0,3,1,2,11,1,2,1,0,0
2025-04-06,27,1,1,0,6,3,3,0,1,1,0,1,0,0,1,4,2,0,4,0,1,0,0,0,1,1,3,4,1,6,2,4,21,0,5,0,1,0,1,0,3,1,2,8,1,1,1,0,0
2025-04-13,20,1,1,0,12,1,2,0,1,1,0,1,0,0,1,3,0,0,6,1,1,0,0,0,1,1,4,4,1,6,2,2,23,0,3,0,0,0,1,0,2,2,2,7,1,1,1,0,0
2025-04-20,26,1,1,0,4,2,2,0,1,1,0,1,0,0,1,4,0,0,6,2,1,0,0,0,1,1,9,3,1,6,2,2,32,0,3,0,1,1,1,0,3,2,2,7,1,1,0,0,0
2025-04-27,38,2,1,0,2,2,2,0,1,1,0,1,0,0,3,8,0,0,7,0,1,0,0,0,1,1,6,3,1,7,2,2,31,0,4,0,1,1,1,0,4,1,3,11,1,2,0,0,0
2025-05-04,20,2,1,0,2,2,2,0,1,1,0,1,0,0,2,3,0,0,6,0,0,0,0,0,1,1,3,4,1,5,2,2,25,0,5,0,1,2,1,0,7,1,2,16,1,2,1,0,0
2025-05-11,16,2,1,0,2,2,2,0,1,1,0,1,0,0,1,5,0,0,2,0,0,0,0,0,1,1,1,4,1,6,2,2,27,0,5,0,1,1,1,0,4,1,2,10,1,1,1,1,0
2025-05-18,15,2,1,0,2,2,2,0,1,1,0,1,0,0,1,3,1,0,2,0,0,0,0,0,0,1,1,3,1,6,2,2,22,0,3,0,1,0,1,0,3,2,2,3,1,1,1,0,0
2025-05-25,14,2,1,0,3,2,2,0,1,0,0,1,0,0,1,3,0,0,2,0,1,0,0,0,1,1,1,3,1,6,3,2,19,0,1,0,1,0,1,0,3,1,2,3,1,1,0,0,0
2025-06-01,13,3,1,0,1,2,2,0,1,1,0,1,0,0,1,3,0,0,2,1,1,0,0,0,1,1,1,6,1,11,4,2,21,0,1,0,1,0,1,0,2,1,3,3,1,1,0,0,0
2025-06-08,12,3,1,0,1,1,2,0,1,1,0,1,0,0,1,2,1,0,2,1,1,0,0,0,0,1,1,11,1,7,3,3,19,0,1,1,0,0,1,0,3,1,3,3,1,1,1,0,0
2025-06-15,13,2,1,0,2,1,2,0,1,1,0,1,0,0,0,2,0,0,2,0,1,0,0,0,0,1,1,10,1,6,2,3,17,0,1,0,0,0,1,0,2,1,2,2,1,1,1,0,0
2025-06-22,13,2,1,0,4,1,3,0,0,1,0,1,0,0,1,3,0,0,3,1,1,0,0,0,1,1,1,27,1,7,2,2,17,0,1,0,0,0,1,0,4,1,2,3,1,1,1,0,0
2025-06-29,19,2,1,0,2,1,3,0,0,1,0,1,0,0,1,5,0,0,2,0,0,0,0,0,0,1,1,5,1,6,2,3,16,0,1,0,0,1,1,0,3,1,2,3,1,1,1,0,0
2025-07-06,15,1,1,0,2,1,4,0,1,1,0,1,0,0,1,3,0,0,2,0,1,0,0,0,0,1,1,5,1,5,2,3,18,0,2,0,0,1,1,0,2,1,2,3,1,1,0,0,0
2025-07-13,18,1,1,0,1,1,2,0,1,0,0,1,0,0,1,2,0,0,2,0,1,0,0,0,0,1,1,3,1,6,2,2,16,0,1,1,0,1,1,0,2,1,2,3,1,1,1,0,0
2025-07-20,13,1,1,0,1,1,5,0,1,0,0,1,0,0,1,1,0,0,2,0,0,0,0,0,0,1,1,3,1,6,2,2,16,0,1,0,0,0,1,0,2,1,2,3,1,1,0,0,0
2025-07-27,12,1,1,0,1,1,2,0,1,0,0,1,0,0,1,1,0,0,6,0,0,0,0,0,0,1,1,2,1,7,2,2,16,0,2,0,0,0,0,0,2,1,2,3,1,1,0,0,0
2025-08-03,11,1,1,0,1,1,2,0,1,1,0,1,0,0,0,2,0,0,2,0,0,0,0,0,0,2,1,2,1,6,2,2,16,0,1,0,0,1,1,0,1,1,2,3,0,1,0,0,0
2025-08-10,11,2,1,0,1,1,2,0,1,0,0,1,0,0,0,1,0,0,1,0,0,0,0,0,0,2,1,3,0,7,2,3,16,0,1,0,0,0,1,0,1,1,2,3,1,1,0,0,0
2025-08-17,11,1,1,0,1,1,2,0,1,0,0,1,0,0,0,2,0,0,1,0,0,0,0,0,0,1,1,3,0,9,2,2,15,0,1,0,0,0,1,0,3,1,2,3,0,1,0,0,0
2025-08-24,12,1,1,0,1,1,2,0,1,1,0,1,0,0,0,2,0,0,1,1,0,0,0,0,0,1,1,2,0,11,2,2,15,0,1,0,0,0,1,0,2,1,2,3,0,1,0,0,0
2025-08-31,11,1,1,0,2,1,1,0,1,1,0,1,0,0,0,3,0,0,1,0,0,0,0,0,0,1,7,3,0,6,2,2,15,0,2,0,0,0,1,0,2,1,2,3,0,1,0,0,0
2025-09-07,12,1,1,0,4,1,2,0,1,1,0,1,0,0,0,4,0,0,1,0,0,0,0,0,0,1,3,2,0,5,1,2,14,0,1,0,0,0,0,0,1,1,2,3,0,0,0,0,0
2025-09-14,10,1,0,0,1,1,1,0,1,1,0,1,0,0,0,3,0,0,1,0,0,0,0,0,0,1,3,3,0,5,2,3,14,0,1,0,0,0,1,0,1,1,2,3,0,1,0,0,0
2025-09-21,11,1,1,0,1,1,2,0,1,0,0,0,0,0,0,1,0,0,1,0,0,0,0,0,0,1,2,3,0,5,1,2,14,0,1,0,0,0,0,0,2,2,2,3,0,0,0,0,0
2025-09-28,15,1,1,0,1,1,2,0,1,1,0,0,0,0,1,1,0,0,1,0,0,0,0,0,0,0,1,4,1,5,1,2,14,0,1,0,0,0,1,0,3,1,2,3,0,0,0,0,0
2025-10-05,35,2,1,0,1,1,2,0,1,0,0,0,0,0,1,2,0,0,1,0,0,0,0,0,0,1,1,3,0,5,2,2,13,0,1,0,0,1,0,0,3,1,2,7,0,1,0,0,0
2025-10-12,13,2,0,0,1,1,2,0,1,0,0,1,0,0,0,2,0,0,2,0,0,0,0,0,0,1,1,4,0,5,2,2,14,0,1,0,0,1,1,0,6,1,2,6,0,1,0,0,0
2025-10-19,20,3,1,0,1,2,3,0,1,1,0,1,0,0,1,3,0,0,4,0,0,0,0,0,0,1,2,13,1,6,2,2,18,0,3,0,0,1,1,0,3,1,2,10,1,1,0,0,0
2025-10-26,17,4,1,0,1,1,3,0,1,1,0,1,0,0,1,7,0,0,5,0,0,0,0,0,0,1,3,6,1,5,2,3,14,0,3,0,0,0,1,0,3,1,2,7,1,1,0,0,0
2025-11-02,15,3,1,0,1,1,3,0,1,1,0,1,0,0,1,5,0,0,4,0,0,0,0,0,0,1,3,7,1,5,2,6,15,0,3,0,0,0,1,0,5,1,2,6,1,1,0,0,0
2025-11-09,16,2,1,0,1,1,2,0,1,1,0,1,0,0,1,5,0,0,4,1,0,0,0,0,0,1,2,6,1,6,2,2,15,0,4,0,0,0,1,0,5,1,2,11,1,1,0,0,0
2025-11-16,24,2,1,0,1,1,4,0,1,1,0,1,0,0,1,5,0,0,7,1,0,0,0,0,1,1,2,7,1,6,2,2,15,0,4,0,0,0,1,0,3,1,2,10,1,1,0,0,0
2025-11-23,19,2,1,0,1,1,4,0,1,1,0,1,0,0,1,3,0,0,7,0,0,0,0,0,1,1,3,5,1,6,2,2,15,0,3,0,0,0,1,0,3,1,2,7,1,1,1,0,0
2025-11-30,24,2,1,0,1,1,15,0,1,0,0,1,0,0,1,12,0,0,4,0,0,0,0,0,1,1,3,6,1,6,2,2,18,0,3,0,0,0,1,0,2,1,3,6,1,1,0,0,0
2025-12-07,19,2,1,0,1,1,5,0,1,1,0,1,0,0,1,5,0,0,3,0,1,0,0,0,1,1,2,5,1,6,2,2,17,0,2,0,0,0,1,0,3,1,2,6,1,1,0,0,0
2025-12-14,16,2,1,0,1,1,3,0,1,1,0,1,0,0,1,3,0,0,3,0,0,0,0,0,1,1,2,5,1,6,2,2,16,0,3,0,0,0,1,0,2,1,2,7,1,1,0,0,0
2025-12-21,18,2,1,0,1,1,3,0,1,1,0,1,0,0,1,3,0,0,3,1,0,0,0,0,1,1,3,7,1,6,2,2,16,0,5,0,0,0,1,0,3,1,2,7,1,1,0,0,0
2025-12-28,23,2,1,0,1,1,2,0,1,1,0,1,0,0,1,4,0,0,4,0,0,0,1,0,1,1,7,5,1,6,2,3,18,0,7,0,0,0,1,0,3,1,2,7,1,1,0,0,0
2026-01-04,18,2,1,0,1,1,2,0,1,1,0,1,0,0,1,3,0,0,3,0,1,0,0,0,1,1,3,5,1,6,2,2,18,0,2,0,0,0,1,0,2,1,2,6,1,1,0,0,0
2026-01-11,16,2,1,0,1,1,2,0,1,1,0,1,0,0,1,3,0,0,3,0,0,0,0,0,1,1,3,6,1,6,2,2,19,0,2,0,0,0,1,0,2,1,2,6,1,1,0,0,0
2026-01-18,17,2,1,0,1,1,2,0,1,1,0,1,0,0,1,4,0,0,3,0,1,0,0,0,0,1,3,6,1,7,2,2,18,0,2,0,0,0,1,0,3,1,2,6,1,1,0,0,0
2026-01-25,19,2,1,0,1,2,2,0,1,1,0,1,0,0,1,9,0,0,3,0,1,0,0,0,1,1,3,5,1,10,2,2,19,0,3,0,0,1,1,0,2,1,2,6,1,1,0,0,0
2026-02-01,19,2,1,0,1,1,5,0,1,1,0,1,0,0,1,15,0,0,22,1,1,0,0,0,1,1,5,6,1,7,2,2,17,0,3,0,0,0,1,0,2,1,2,5,1,1,1,0,0
2026-02-08,17,2,1,0,1,1,6,0,1,1,0,1,0,0,1,3,1,0,8,0,1,0,0,0,1,1,3,5,1,8,2,2,16,0,3,0,0,0,1,0,2,1,2,5,1,1,1,0,0
2026-02-15,15,2,1,0,1,1,3,0,1,1,0,1,0,0,1,2,1,0,4,0,1,0,0,0,1,1,5,10,1,7,2,2,33,0,3,0,0,0,1,0,1,1,2,6,1,1,1,0,0
2026-02-22,15,2,1,0,1,1,2,0,1,1,0,1,0,0,1,2,0,0,7,0,1,0,0,0,1,1,3,7,1,7,2,3,22,0,3,0,0,0,1,0,2,1,2,5,1,1,1,0,0
2026-03-01,15,1,1,0,1,2,2,0,1,0,0,1,0,0,1,3,0,0,3,0,1,0,0,0,1,1,3,5,1,6,2,2,25,0,3,0,0,0,1,0,2,1,2,5,1,1,1,0,0
2026-03-08,14,1,1,0,1,1,2,0,1,0,0,1,0,0,1,2,0,0,5,0,1,0,0,0,1,1,4,6,1,10,2,2,19,0,3,0,0,0,1,0,2,1,2,5,1,1,0,0,0
2026-03-15,18,1,1,0,1,3,2,0,1,0,0,1,0,0,1,2,0,0,3,0,1,0,0,0,1,1,4,6,1,7,2,3,84,0,3,0,0,0,1,0,2,1,2,6,1,1,0,0,0
2026-03-22,17,1,1,0,1,3,2,0,1,1,0,1,0,0,1,2,0,0,4,0,1,0,0,0,1,1,3,6,1,7,2,3,28,0,3,0,0,1,1,0,1,1,3,5,1,1,0,0,0
2026-03-29,19,2,1,0,1,3,2,0,1,1,0,1,0,0,1,2,0,0,4,1,1,0,0,0,1,1,3,5,1,7,2,3,22,0,3,0,0,0,1,0,1,1,3,6,1,1,0,0,0
2026-04-05,20,1,1,0,1,3,2,0,1,1,0,1,0,0,1,2,0,0,3,0,1,0,0,0,1,1,3,6,1,7,2,3,18,0,3,0,0,0,1,0,1,1,3,11,1,1,1,0,0
2026-04-12,19,2,1,0,1,1,2,0,1,1,0,1,0,0,1,2,0,0,3,0,1,0,0,0,1,1,4,5,1,7,2,3,19,0,3,0,0,0,1,0,1,1,3,10,1,1,0,0,0
2026-04-19,24,2,1,0,1,2,2,0,1,1,0,1,0,0,1,1,0,1,5,0,2,0,0,0,1,1,1,18,1,7,3,3,17,0,3,0,1,1,1,0,1,1,2,4,1,2,1,0,0
2026-04-26,22,1,1,0,1,2,2,0,1,1,0,1,0,0,1,1,0,0,5,0,1,0,0,0,1,1,1,10,1,6,3,2,17,0,3,0,1,0,1,0,1,1,2,3,1,1,1,0,0
2026-05-03,17,2,1,0,2,2,2,0,1,1,0,1,0,0,0,2,0,1,17,0,1,0,0,0,1,1,2,5,1,7,3,3,21,0,1,0,0,1,1,0,1,1,2,3,1,1,1,0,0
